Date,Handysize_Index,Supramax_Index,Panamax_Index,Capesize_Index
2015-01-01,430,533,570,693
2015-01-02,430,533,570,693
2015-01-05,430,533,570,693
2015-01-06,430,533,570,693
2015-01-07,430,533,570,693
2015-01-08,430,533,570,693
2015-01-09,429,532,570,694
2015-01-12,429,532,570,694
2015-01-13,429,532,569,694
2015-01-14,429,532,569,694
2015-01-15,429,532,569,694
2015-01-16,429,532,569,694
2015-01-19,428,531,569,694
2015-01-20,428,531,569,694
2015-01-21,428,531,569,694
2015-01-22,428,531,569,694
2015-01-23,428,531,569,695
2015-01-26,427,530,569,695
2015-01-27,427,530,569,695
2015-01-28,427,530,568,695
2015-01-29,427,530,568,695
2015-01-30,427,530,568,695
2015-02-02,426,529,568,695
2015-02-03,426,529,568,695
2015-02-04,426,529,568,695
2015-02-05,426,529,568,695
2015-02-06,426,529,568,695
2015-02-09,425,528,567,695
2015-02-10,425,528,567,695
2015-02-11,425,528,567,695
2015-02-12,425,528,567,695
2015-02-13,425,528,567,695
2015-02-16,424,527,566,695
2015-02-17,424,527,566,695
2015-02-18,424,527,566,695
2015-02-19,424,527,566,695
2015-02-20,424,526,566,695
2015-02-23,423,526,565,695
2015-02-24,423,526,565,695
2015-02-25,423,525,565,694
2015-02-26,423,525,565,694
2015-02-27,422,525,565,694
2015-03-02,422,524,564,694
2015-03-03,422,524,564,694
2015-03-04,422,524,564,694
2015-03-05,421,524,563,694
2015-03-06,421,523,563,694
2015-03-09,421,523,563,693
2015-03-10,420,523,562,693
2015-03-11,420,522,562,693
2015-03-12,420,522,562,693
2015-03-13,420,522,562,693
2015-03-16,419,521,561,692
2015-03-17,419,521,561,692
2015-03-18,419,521,561,692
2015-03-19,419,520,560,691
2015-03-20,419,520,560,691
2015-03-23,418,519,559,691
2015-03-24,418,519,559,690
2015-03-25,418,519,559,690
2015-03-26,418,519,559,690
2015-03-27,417,518,558,690
2015-03-30,417,518,557,689
2015-03-31,417,517,557,689
2015-04-01,417,517,557,688
2015-04-02,416,517,557,688
2015-04-03,416,517,557,688
2015-04-06,416,516,556,688
2015-04-07,416,516,556,688
2015-04-08,416,516,556,688
2015-04-09,416,516,556,687
2015-04-10,416,516,555,687
2015-04-13,415,515,555,687
2015-04-14,415,515,555,687
2015-04-15,415,515,554,687
2015-04-16,415,514,554,686
2015-04-17,415,514,554,686
2015-04-20,414,514,553,686
2015-04-21,414,514,553,685
2015-04-22,414,513,553,685
2015-04-23,414,513,553,685
2015-04-24,414,513,553,685
2015-04-27,414,512,552,684
2015-04-28,414,512,552,684
2015-04-29,414,512,552,683
2015-04-30,413,512,551,683
2015-05-01,413,512,551,683
2015-05-04,425,528,571,712
2015-05-05,429,533,578,722
2015-05-06,432,538,585,732
2015-05-07,436,543,591,741
2015-05-08,440,549,598,751
2015-05-11,451,564,618,781
2015-05-12,455,570,625,791
2015-05-13,459,575,632,801
2015-05-14,463,580,638,810
2015-05-15,466,585,645,820
2015-05-18,478,601,665,850
2015-05-19,481,606,672,860
2015-05-20,485,611,679,870
2015-05-21,489,616,685,880
2015-05-22,492,622,692,890
2015-05-25,504,637,712,920
2015-05-26,507,642,719,930
2015-05-27,511,647,726,940
2015-05-28,515,653,733,950
2015-05-29,518,658,739,960
2015-06-01,529,673,759,991
2015-06-02,535,681,770,1007
2015-06-03,541,690,781,1024
2015-06-04,547,698,793,1041
2015-06-05,553,706,804,1057
2015-06-08,570,731,837,1108
2015-06-09,576,740,848,1125
2015-06-10,582,748,859,1142
2015-06-11,588,756,870,1159
2015-06-12,594,765,881,1176
2015-06-15,611,789,915,1227
2015-06-16,617,798,926,1244
2015-06-17,622,806,937,1261
2015-06-18,628,814,948,1279
2015-06-19,634,822,959,1296
2015-06-22,651,847,992,1348
2015-06-23,657,855,1003,1365
2015-06-24,662,863,1015,1383
2015-06-25,668,871,1026,1400
2015-06-26,674,879,1037,1417
2015-06-29,690,904,1070,1470
2015-06-30,696,912,1082,1487
2015-07-01,702,920,1093,1505
2015-07-02,700,917,1089,1498
2015-07-03,698,914,1084,1491
2015-07-06,692,906,1072,1470
2015-07-07,690,903,1068,1463
2015-07-08,688,900,1063,1456
2015-07-09,686,897,1059,1449
2015-07-10,685,894,1055,1443
2015-07-13,679,885,1043,1422
2015-07-14,677,882,1038,1415
2015-07-15,675,880,1034,1408
2015-07-16,673,877,1030,1402
2015-07-17,671,874,1026,1395
2015-07-20,666,865,1014,1375
2015-07-21,664,862,1010,1368
2015-07-22,662,860,1006,1361
2015-07-23,660,857,1002,1355
2015-07-24,658,854,997,1348
2015-07-27,652,845,985,1328
2015-07-28,651,843,981,1321
2015-07-29,649,840,977,1315
2015-07-30,647,837,973,1308
2015-07-31,645,834,969,1302
2015-08-03,639,826,957,1282
2015-08-04,637,823,953,1276
2015-08-05,635,820,949,1269
2015-08-06,634,817,945,1263
2015-08-07,632,814,941,1256
2015-08-10,626,806,930,1237
2015-08-11,624,803,926,1231
2015-08-12,622,800,922,1224
2015-08-13,620,798,918,1218
2015-08-14,618,795,914,1212
2015-08-17,613,787,902,1193
2015-08-18,611,784,898,1187
2015-08-19,609,781,894,1180
2015-08-20,607,778,891,1174
2015-08-21,605,775,887,1168
2015-08-24,600,767,875,1150
2015-08-25,598,764,871,1143
2015-08-26,596,762,867,1137
2015-08-27,594,759,864,1131
2015-08-28,592,756,860,1125
2015-08-31,586,748,848,1107
2015-09-01,584,745,845,1101
2015-09-02,581,741,839,1092
2015-09-03,578,736,833,1082
2015-09-04,575,732,827,1073
2015-09-07,566,718,809,1045
2015-09-08,563,714,803,1036
2015-09-09,560,710,797,1027
2015-09-10,556,705,791,1018
2015-09-11,553,701,785,1008
2015-09-14,544,687,767,981
2015-09-15,541,683,761,972
2015-09-16,538,678,755,963
2015-09-17,534,674,749,954
2015-09-18,531,669,743,945
2015-09-21,522,656,725,919
2015-09-22,519,651,719,910
2015-09-23,515,647,713,901
2015-09-24,512,642,708,892
2015-09-25,509,638,702,883
2015-09-28,499,624,684,857
2015-09-29,496,620,678,848
2015-09-30,493,615,672,840
2015-10-01,490,611,666,831
2015-10-02,487,608,663,826
2015-10-05,481,599,651,808
2015-10-06,479,596,647,803
2015-10-07,477,593,643,797
2015-10-08,475,590,640,791
2015-10-09,472,587,636,786
2015-10-12,466,578,624,769
2015-10-13,464,575,620,763
2015-10-14,462,572,617,758
2015-10-15,459,569,613,752
2015-10-16,457,566,609,747
2015-10-19,451,557,597,730
2015-10-20,448,554,594,725
2015-10-21,446,551,590,719
2015-10-22,444,548,586,714
2015-10-23,442,545,582,708
2015-10-26,435,536,571,692
2015-10-27,433,533,567,687
2015-10-28,431,530,563,681
2015-10-29,429,527,559,676
2015-10-30,426,524,556,671
2015-11-02,420,515,544,655
2015-11-03,417,512,541,649
2015-11-04,415,509,537,644
2015-11-05,413,506,533,639
2015-11-06,411,503,529,634
2015-11-09,404,493,518,618
2015-11-10,402,490,514,613
2015-11-11,399,487,510,607
2015-11-12,397,484,507,602
2015-11-13,395,481,503,597
2015-11-16,388,472,492,581
2015-11-17,385,469,488,576
2015-11-18,383,466,484,571
2015-11-19,381,462,480,566
2015-11-20,379,459,476,561
2015-11-23,372,450,465,546
2015-11-24,369,447,461,540
2015-11-25,367,444,458,535
2015-11-26,364,441,454,530
2015-11-27,362,437,450,525
2015-11-30,355,428,439,510
2015-12-01,353,425,435,505
2015-12-02,350,421,430,498
2015-12-03,346,417,425,492
2015-12-04,343,412,420,485
2015-12-07,334,400,405,465
2015-12-08,331,396,400,459
2015-12-09,328,391,395,452
2015-12-10,324,387,390,446
2015-12-11,321,383,386,439
2015-12-14,312,370,371,420
2015-12-15,308,366,366,414
2015-12-16,305,362,361,407
2015-12-17,302,358,356,401
2015-12-18,299,353,351,394
2015-12-21,289,340,336,375
2015-12-22,286,336,331,369
2015-12-23,282,332,326,363
2015-12-24,279,328,321,357
2015-12-25,276,323,316,350
2015-12-28,266,310,302,332
2015-12-29,262,306,297,325
2015-12-30,259,302,292,319
2015-12-31,256,297,287,313
2016-01-01,252,293,282,307
2016-01-04,253,294,283,309
2016-01-05,253,294,284,309
2016-01-06,254,295,284,310
2016-01-07,254,295,285,311
2016-01-08,254,295,285,311
2016-01-11,255,296,287,313
2016-01-12,255,297,287,314
2016-01-13,255,297,287,315
2016-01-14,255,298,288,315
2016-01-15,256,298,288,316
2016-01-18,256,299,290,318
2016-01-19,257,299,290,318
2016-01-20,257,300,291,319
2016-01-21,257,300,291,320
2016-01-22,257,300,291,320
2016-01-25,258,301,293,322
2016-01-26,258,302,293,323
2016-01-27,259,302,294,323
2016-01-28,259,302,294,324
2016-01-29,259,303,294,325
2016-02-01,260,304,296,326
2016-02-02,262,307,299,331
2016-02-03,264,310,303,335
2016-02-04,266,312,306,340
2016-02-05,269,315,309,344
2016-02-08,275,324,320,358
2016-02-09,277,327,323,362
2016-02-10,279,330,326,367
2016-02-11,282,333,330,371
2016-02-12,284,336,333,376
2016-02-15,290,344,344,390
2016-02-16,292,347,347,394
2016-02-17,295,350,350,399
2016-02-18,297,353,354,403
2016-02-19,299,356,357,408
2016-02-22,305,364,368,422
2016-02-23,307,367,371,427
2016-02-24,309,370,374,431
2016-02-25,311,373,378,436
2016-02-26,314,376,381,441
2016-02-29,320,384,392,455
2016-03-01,322,387,395,459
2016-03-02,327,394,404,471
2016-03-03,333,402,413,483
2016-03-04,338,409,421,496
2016-03-07,354,431,448,532
2016-03-08,359,438,457,545
2016-03-09,364,445,466,557
2016-03-10,370,452,475,569
2016-03-11,375,459,483,582
2016-03-14,390,481,510,620
2016-03-15,395,488,519,632
2016-03-16,400,495,528,645
2016-03-17,406,502,537,658
2016-03-18,411,509,546,671
2016-03-21,426,530,573,710
2016-03-22,431,537,582,723
2016-03-23,436,544,591,736
2016-03-24,441,551,600,749
2016-03-25,446,558,609,762
2016-03-28,461,579,636,802
2016-03-29,466,586,645,815
2016-03-30,470,593,654,828
2016-03-31,475,600,663,842
2016-04-01,480,606,672,855
2016-04-04,479,604,669,852
2016-04-05,478,604,668,851
2016-04-06,478,603,667,850
2016-04-07,477,602,667,849
2016-04-08,477,602,666,847
2016-04-11,475,599,663,844
2016-04-12,475,599,662,843
2016-04-13,474,598,661,842
2016-04-14,474,597,660,841
2016-04-15,474,597,660,839
2016-04-18,472,595,657,836
2016-04-19,472,594,656,835
2016-04-20,471,593,655,834
2016-04-21,471,592,654,832
2016-04-22,470,592,653,831
2016-04-25,469,590,651,827
2016-04-26,468,589,650,826
2016-04-27,468,588,649,825
2016-04-28,467,587,648,824
2016-04-29,467,587,647,822
2016-05-02,465,585,644,819
2016-05-03,465,584,643,817
2016-05-04,465,583,643,816
2016-05-05,464,583,642,815
2016-05-06,464,582,641,814
2016-05-09,462,580,638,810
2016-05-10,462,579,637,808
2016-05-11,461,578,636,807
2016-05-12,461,578,635,806
2016-05-13,460,577,634,804
2016-05-16,459,575,632,800
2016-05-17,459,574,631,799
2016-05-18,458,573,630,798
2016-05-19,458,573,629,796
2016-05-20,457,572,628,795
2016-05-23,456,570,625,791
2016-05-24,455,569,624,790
2016-05-25,455,569,623,788
2016-05-26,455,568,622,787
2016-05-27,454,567,621,785
2016-05-30,453,565,619,781
2016-05-31,452,564,618,780
2016-06-01,452,564,617,779
2016-06-02,452,563,616,778
2016-06-03,452,563,616,777
2016-06-06,451,563,615,776
2016-06-07,451,562,615,775
2016-06-08,451,562,614,775
2016-06-09,451,562,614,774
2016-06-10,451,562,614,774
2016-06-13,451,561,613,772
2016-06-14,450,561,612,771
2016-06-15,450,561,612,771
2016-06-16,450,560,612,770
2016-06-17,450,560,611,770
2016-06-20,450,560,610,768
2016-06-21,450,559,610,767
2016-06-22,450,559,610,767
2016-06-23,450,559,609,766
2016-06-24,449,559,609,765
2016-06-27,449,558,608,764
2016-06-28,449,558,608,763
2016-06-29,449,558,607,763
2016-06-30,449,558,607,762
2016-07-01,449,557,607,761
2016-07-04,452,561,611,768
2016-07-05,453,563,613,770
2016-07-06,454,564,615,772
2016-07-07,455,565,616,774
2016-07-08,456,567,618,777
2016-07-11,459,571,623,783
2016-07-12,460,572,624,785
2016-07-13,461,573,626,787
2016-07-14,462,575,627,790
2016-07-15,463,576,629,792
2016-07-18,466,580,634,798
2016-07-19,467,581,635,801
2016-07-20,468,583,637,803
2016-07-21,469,584,639,805
2016-07-22,470,585,640,807
2016-07-25,473,589,645,814
2016-07-26,474,591,647,816
2016-07-27,475,592,648,818
2016-07-28,476,593,650,820
2016-07-29,477,595,652,823
2016-08-01,480,599,657,829
2016-08-02,483,603,662,836
2016-08-03,486,607,667,844
2016-08-04,489,611,672,851
2016-08-05,492,615,677,859
2016-08-08,501,628,693,881
2016-08-09,504,632,698,888
2016-08-10,507,636,703,896
2016-08-11,510,640,709,903
2016-08-12,513,644,714,911
2016-08-15,521,656,729,933
2016-08-16,524,660,735,941
2016-08-17,527,664,740,948
2016-08-18,530,669,745,956
2016-08-19,533,673,750,963
2016-08-22,542,685,766,986
2016-08-23,545,689,772,994
2016-08-24,548,693,777,1001
2016-08-25,551,697,782,1009
2016-08-26,554,701,787,1017
2016-08-29,562,714,803,1040
2016-08-30,565,718,809,1047
2016-08-31,568,722,814,1055
2016-09-01,571,726,819,1063
2016-09-02,574,730,825,1071
2016-09-05,583,743,841,1095
2016-09-06,586,747,847,1103
2016-09-07,589,751,852,1111
2016-09-08,592,756,858,1119
2016-09-09,595,760,863,1127
2016-09-12,604,773,880,1151
2016-09-13,607,777,885,1159
2016-09-14,610,781,891,1167
2016-09-15,613,785,897,1175
2016-09-16,616,790,902,1184
2016-09-19,624,802,919,1208
2016-09-20,627,807,925,1217
2016-09-21,630,811,930,1225
2016-09-22,633,815,936,1233
2016-09-23,636,819,941,1242
2016-09-26,645,832,958,1267
2016-09-27,648,836,964,1275
2016-09-28,651,841,970,1284
2016-09-29,654,845,975,1292
2016-09-30,657,849,981,1300
2016-10-03,665,862,998,1326
2016-10-04,668,866,1004,1335
2016-10-05,671,871,1010,1343
2016-10-06,674,875,1016,1352
2016-10-07,677,879,1021,1361
2016-10-10,686,892,1039,1387
2016-10-11,689,896,1044,1395
2016-10-12,692,901,1050,1404
2016-10-13,695,905,1056,1413
2016-10-14,698,909,1062,1422
2016-10-17,706,922,1079,1448
2016-10-18,709,926,1085,1457
2016-10-19,712,931,1091,1466
2016-10-20,715,935,1097,1475
2016-10-21,718,939,1103,1484
2016-10-24,726,952,1121,1512
2016-10-25,729,957,1127,1521
2016-10-26,732,961,1133,1530
2016-10-27,735,965,1139,1539
2016-10-28,738,969,1145,1548
2016-10-31,747,982,1163,1576
2016-11-01,749,987,1169,1585
2016-11-02,745,981,1160,1572
2016-11-03,741,975,1152,1559
2016-11-04,737,969,1144,1547
2016-11-07,725,951,1120,1508
2016-11-08,721,946,1112,1496
2016-11-09,717,940,1104,1483
2016-11-10,713,934,1095,1470
2016-11-11,709,928,1087,1458
2016-11-14,697,910,1063,1420
2016-11-15,692,904,1055,1407
2016-11-16,688,898,1047,1395
2016-11-17,684,892,1039,1382
2016-11-18,680,886,1030,1370
2016-11-21,668,868,1006,1332
2016-11-22,663,862,998,1320
2016-11-23,659,856,990,1308
2016-11-24,655,850,982,1295
2016-11-25,651,844,974,1283
2016-11-28,638,826,949,1246
2016-11-29,634,820,941,1234
2016-11-30,630,814,933,1222
2016-12-01,625,808,925,1210
2016-12-02,625,807,924,1207
2016-12-05,622,804,920,1201
2016-12-06,621,802,918,1199
2016-12-07,620,801,917,1197
2016-12-08,620,800,915,1195
2016-12-09,619,799,914,1193
2016-12-12,616,796,910,1187
2016-12-13,615,795,908,1185
2016-12-14,615,793,907,1183
2016-12-15,614,792,906,1181
2016-12-16,613,791,904,1179
2016-12-19,610,788,900,1173
2016-12-20,609,787,898,1171
2016-12-21,609,786,897,1169
2016-12-22,608,784,896,1167
2016-12-23,607,783,894,1165
2016-12-26,604,780,890,1159
2016-12-27,603,779,888,1157
2016-12-28,602,777,887,1155
2016-12-29,602,776,885,1153
2016-12-30,601,775,884,1151
2017-01-02,598,771,879,1145
2017-01-03,597,770,878,1143
2017-01-04,596,769,877,1141
2017-01-05,595,768,875,1139
2017-01-06,594,767,874,1137
2017-01-09,592,763,869,1131
2017-01-10,591,762,868,1129
2017-01-11,590,761,866,1127
2017-01-12,589,759,865,1125
2017-01-13,588,758,863,1123
2017-01-16,585,755,859,1117
2017-01-17,585,753,857,1115
2017-01-18,584,752,856,1113
2017-01-19,583,751,854,1111
2017-01-20,582,750,853,1109
2017-01-23,579,746,848,1102
2017-01-24,578,745,846,1100
2017-01-25,577,743,845,1098
2017-01-26,576,742,843,1096
2017-01-27,575,741,842,1094
2017-01-30,573,737,837,1088
2017-01-31,572,736,835,1086
2017-02-01,571,734,834,1083
2017-02-02,579,747,850,1109
2017-02-03,588,759,867,1134
2017-02-06,613,796,917,1211
2017-02-07,621,808,933,1236
2017-02-08,629,820,950,1262
2017-02-09,637,832,967,1288
2017-02-10,646,844,984,1315
2017-02-13,670,881,1034,1394
2017-02-14,678,893,1051,1420
2017-02-15,687,905,1068,1447
2017-02-16,695,917,1084,1474
2017-02-17,703,929,1101,1501
2017-02-20,727,965,1152,1582
2017-02-21,735,976,1169,1609
2017-02-22,743,988,1186,1637
2017-02-23,750,1000,1203,1664
2017-02-24,758,1012,1220,1692
2017-02-27,782,1048,1271,1775
2017-02-28,790,1059,1288,1803
2017-03-01,798,1071,1305,1831
2017-03-02,794,1066,1297,1820
2017-03-03,790,1060,1290,1808
2017-03-06,780,1044,1267,1773
2017-03-07,776,1039,1260,1761
2017-03-08,772,1034,1252,1750
2017-03-09,769,1028,1245,1738
2017-03-10,765,1023,1237,1726
2017-03-13,754,1007,1215,1691
2017-03-14,751,1001,1207,1680
2017-03-15,747,996,1200,1668
2017-03-16,743,990,1192,1656
2017-03-17,740,985,1185,1645
2017-03-20,729,969,1162,1610
2017-03-21,725,963,1155,1598
2017-03-22,722,958,1147,1586
2017-03-23,718,953,1140,1574
2017-03-24,714,947,1132,1563
2017-03-27,703,931,1110,1528
2017-03-28,700,925,1102,1516
2017-03-29,696,920,1095,1505
2017-03-30,692,914,1087,1493
2017-03-31,689,909,1080,1481
2017-04-03,678,893,1057,1446
2017-04-04,674,887,1050,1435
2017-04-05,670,882,1042,1423
2017-04-06,667,876,1035,1411
2017-04-07,663,871,1027,1400
2017-04-10,652,854,1005,1365
2017-04-11,648,849,997,1354
2017-04-12,644,843,990,1342
2017-04-13,641,838,982,1330
2017-04-14,637,832,975,1319
2017-04-17,626,816,952,1284
2017-04-18,622,810,945,1273
2017-04-19,618,805,937,1261
2017-04-20,615,799,930,1250
2017-04-21,611,794,922,1239
2017-04-24,600,777,900,1204
2017-04-25,596,772,893,1193
2017-04-26,592,766,885,1182
2017-04-27,588,761,878,1170
2017-04-28,585,755,870,1159
2017-05-01,573,739,848,1125
2017-05-02,574,739,849,1126
2017-05-03,574,740,849,1127
2017-05-04,574,740,850,1128
2017-05-05,575,740,850,1129
2017-05-08,576,742,852,1131
2017-05-09,576,742,852,1132
2017-05-10,576,742,853,1133
2017-05-11,577,743,853,1134
2017-05-12,577,743,854,1134
2017-05-15,578,744,855,1137
2017-05-16,578,745,856,1138
2017-05-17,578,745,856,1138
2017-05-18,579,745,857,1139
2017-05-19,579,746,857,1140
2017-05-22,580,747,859,1142
2017-05-23,580,747,859,1143
2017-05-24,581,748,860,1144
2017-05-25,581,748,860,1144
2017-05-26,581,748,861,1145
2017-05-29,582,750,862,1147
2017-05-30,583,750,862,1148
2017-05-31,583,750,863,1149
2017-06-01,583,751,863,1149
2017-06-02,586,754,868,1156
2017-06-05,593,764,881,1177
2017-06-06,595,768,886,1184
2017-06-07,598,771,890,1191
2017-06-08,600,774,895,1198
2017-06-09,603,778,899,1204
2017-06-12,610,788,913,1225
2017-06-13,612,791,917,1232
2017-06-14,615,795,922,1239
2017-06-15,617,798,926,1246
2017-06-16,619,801,931,1253
2017-06-19,626,812,944,1273
2017-06-20,629,815,949,1280
2017-06-21,631,818,953,1287
2017-06-22,634,822,958,1294
2017-06-23,636,825,962,1301
2017-06-26,643,835,976,1321
2017-06-27,646,838,980,1328
2017-06-28,648,842,985,1335
2017-06-29,650,845,989,1342
2017-06-30,653,849,994,1349
2017-07-03,660,859,1007,1369
2017-07-04,662,862,1012,1376
2017-07-05,665,865,1016,1383
2017-07-06,667,869,1021,1390
2017-07-07,669,872,1025,1397
2017-07-10,677,882,1039,1417
2017-07-11,679,886,1043,1424
2017-07-12,681,889,1048,1431
2017-07-13,684,893,1052,1438
2017-07-14,686,896,1057,1445
2017-07-17,693,906,1071,1465
2017-07-18,696,909,1075,1472
2017-07-19,698,913,1080,1479
2017-07-20,700,916,1084,1486
2017-07-21,703,920,1089,1493
2017-07-24,710,930,1103,1514
2017-07-25,712,933,1107,1521
2017-07-26,715,937,1112,1527
2017-07-27,717,940,1116,1534
2017-07-28,720,944,1121,1541
2017-07-31,727,954,1135,1562
2017-08-01,729,957,1139,1569
2017-08-02,732,961,1145,1578
2017-08-03,735,966,1150,1586
2017-08-04,738,970,1156,1595
2017-08-07,746,982,1173,1620
2017-08-08,749,986,1178,1629
2017-08-09,752,990,1184,1637
2017-08-10,755,995,1190,1646
2017-08-11,758,999,1195,1655
2017-08-14,766,1011,1212,1680
2017-08-15,769,1015,1218,1689
2017-08-16,772,1019,1223,1698
2017-08-17,775,1024,1229,1706
2017-08-18,778,1028,1235,1715
2017-08-21,786,1040,1252,1741
2017-08-22,789,1044,1258,1750
2017-08-23,792,1049,1263,1759
2017-08-24,795,1053,1269,1767
2017-08-25,798,1057,1275,1776
2017-08-28,806,1070,1292,1803
2017-08-29,809,1074,1298,1811
2017-08-30,812,1078,1304,1820
2017-08-31,815,1082,1309,1829
2017-09-01,818,1086,1315,1838
2017-09-04,824,1095,1327,1855
2017-09-05,826,1098,1330,1861
2017-09-06,827,1101,1334,1867
2017-09-07,829,1103,1338,1873
2017-09-08,831,1106,1342,1878
2017-09-11,837,1115,1354,1896
2017-09-12,839,1118,1357,1902
2017-09-13,841,1121,1361,1908
2017-09-14,843,1123,1365,1913
2017-09-15,845,1126,1369,1919
2017-09-18,851,1135,1381,1937
2017-09-19,853,1138,1385,1943
2017-09-20,854,1141,1389,1949
2017-09-21,856,1144,1393,1955
2017-09-22,858,1147,1397,1961
2017-09-25,864,1155,1409,1980
2017-09-26,866,1158,1413,1986
2017-09-27,868,1161,1417,1992
2017-09-28,870,1164,1421,1998
2017-09-29,872,1167,1425,2004
2017-10-02,878,1176,1437,2023
2017-10-03,880,1179,1442,2029
2017-10-04,882,1182,1446,2036
2017-10-05,883,1185,1450,2042
2017-10-06,885,1188,1454,2048
2017-10-09,891,1196,1466,2068
2017-10-10,893,1199,1471,2074
2017-10-11,895,1202,1475,2081
2017-10-12,897,1205,1479,2087
2017-10-13,899,1208,1483,2094
2017-10-16,905,1217,1496,2113
2017-10-17,907,1220,1500,2120
2017-10-18,909,1223,1504,2127
2017-10-19,911,1226,1508,2133
2017-10-20,912,1229,1513,2140
2017-10-23,918,1238,1526,2160
2017-10-24,920,1241,1530,2167
2017-10-25,922,1244,1534,2174
2017-10-26,924,1247,1538,2181
2017-10-27,926,1250,1543,2188
2017-10-30,932,1259,1556,2208
2017-10-31,934,1262,1560,2215
2017-11-01,935,1265,1565,2222
2017-11-02,932,1260,1557,2211
2017-11-03,929,1255,1550,2199
2017-11-06,919,1241,1529,2163
2017-11-07,916,1236,1522,2152
2017-11-08,912,1231,1515,2140
2017-11-09,909,1226,1508,2128
2017-11-10,906,1221,1501,2117
2017-11-13,896,1206,1480,2082
2017-11-14,892,1201,1472,2070
2017-11-15,889,1196,1465,2059
2017-11-16,885,1191,1458,2047
2017-11-17,882,1186,1451,2036
2017-11-20,872,1171,1430,2001
2017-11-21,869,1166,1423,1990
2017-11-22,865,1162,1416,1978
2017-11-23,862,1156,1409,1967
2017-11-24,858,1151,1402,1956
2017-11-27,848,1136,1380,1922
2017-11-28,845,1131,1373,1910
2017-11-29,841,1126,1366,1899
2017-11-30,838,1121,1359,1888
2017-12-01,834,1116,1352,1876
2017-12-04,824,1101,1331,1843
2017-12-05,821,1096,1324,1832
2017-12-06,817,1091,1317,1822
2017-12-07,814,1087,1311,1811
2017-12-08,810,1082,1304,1800
2017-12-11,800,1067,1283,1767
2017-12-12,797,1062,1276,1756
2017-12-13,793,1057,1269,1745
2017-12-14,790,1051,1262,1734
2017-12-15,786,1046,1255,1723
2017-12-18,776,1031,1234,1691
2017-12-19,773,1026,1227,1680
2017-12-20,769,1021,1220,1669
2017-12-21,766,1016,1213,1659
2017-12-22,762,1011,1206,1648
2017-12-25,751,996,1185,1615
2017-12-26,748,991,1178,1605
2017-12-27,744,986,1171,1594
2017-12-28,741,980,1164,1583
2017-12-29,737,975,1157,1572
2018-01-01,727,960,1136,1540
2018-01-02,727,961,1138,1543
2018-01-03,728,962,1140,1546
2018-01-04,729,963,1142,1549
2018-01-05,729,964,1143,1552
2018-01-08,731,968,1148,1561
2018-01-09,732,969,1150,1564
2018-01-10,733,970,1152,1567
2018-01-11,733,971,1153,1570
2018-01-12,734,972,1155,1573
2018-01-15,736,975,1160,1582
2018-01-16,737,976,1162,1585
2018-01-17,737,977,1163,1588
2018-01-18,738,978,1165,1591
2018-01-19,738,979,1167,1594
2018-01-22,740,982,1172,1602
2018-01-23,741,984,1173,1605
2018-01-24,742,985,1175,1608
2018-01-25,742,986,1177,1611
2018-01-26,743,987,1178,1614
2018-01-29,745,990,1183,1623
2018-01-30,745,991,1185,1626
2018-01-31,746,992,1186,1629
2018-02-01,746,993,1188,1632
2018-02-02,744,989,1183,1624
2018-02-05,736,978,1167,1601
2018-02-06,734,974,1162,1593
2018-02-07,731,970,1157,1586
2018-02-08,728,966,1152,1578
2018-02-09,726,963,1147,1570
2018-02-12,718,951,1132,1547
2018-02-13,715,947,1127,1539
2018-02-14,713,944,1121,1532
2018-02-15,710,940,1116,1524
2018-02-16,708,936,1111,1516
2018-02-19,700,924,1096,1493
2018-02-20,697,921,1090,1485
2018-02-21,694,917,1085,1477
2018-02-22,692,913,1080,1469
2018-02-23,689,909,1075,1462
2018-02-26,681,897,1059,1438
2018-02-27,679,894,1054,1430
2018-02-28,676,890,1049,1422
2018-03-01,673,886,1044,1415
2018-03-02,673,886,1044,1416
2018-03-05,674,887,1046,1420
2018-03-06,674,887,1047,1421
2018-03-07,674,888,1047,1422
2018-03-08,675,888,1048,1424
2018-03-09,675,888,1049,1425
2018-03-12,675,889,1050,1429
2018-03-13,676,890,1051,1430
2018-03-14,676,890,1051,1431
2018-03-15,676,890,1052,1432
2018-03-16,676,891,1052,1433
2018-03-19,677,891,1054,1437
2018-03-20,677,892,1055,1438
2018-03-21,677,892,1055,1439
2018-03-22,677,892,1056,1440
2018-03-23,678,893,1056,1441
2018-03-26,678,893,1058,1444
2018-03-27,678,894,1058,1445
2018-03-28,678,894,1058,1447
2018-03-29,679,894,1059,1448
2018-03-30,679,894,1059,1449
2018-04-02,679,895,1061,1451
2018-04-03,680,895,1061,1452
2018-04-04,680,896,1062,1453
2018-04-05,680,896,1062,1454
2018-04-06,680,896,1062,1455
2018-04-09,681,897,1064,1458
2018-04-10,681,897,1064,1459
2018-04-11,681,897,1064,1460
2018-04-12,681,897,1065,1460
2018-04-13,681,898,1065,1461
2018-04-16,682,898,1066,1464
2018-04-17,682,899,1067,1464
2018-04-18,682,899,1067,1465
2018-04-19,682,899,1067,1466
2018-04-20,683,899,1068,1467
2018-04-23,683,900,1069,1469
2018-04-24,683,900,1069,1470
2018-04-25,684,900,1069,1470
2018-04-26,684,900,1070,1471
2018-04-27,684,901,1070,1472
2018-04-30,684,901,1071,1474
2018-05-01,685,902,1071,1474
2018-05-02,689,909,1081,1490
2018-05-03,694,916,1091,1506
2018-05-04,699,922,1101,1521
2018-05-07,713,943,1130,1569
2018-05-08,718,950,1140,1585
2018-05-09,723,957,1150,1600
2018-05-10,727,964,1159,1616
2018-05-11,732,971,1169,1632
2018-05-14,746,992,1198,1680
2018-05-15,751,999,1208,1696
2018-05-16,756,1006,1218,1712
2018-05-17,760,1013,1228,1727
2018-05-18,765,1019,1237,1743
2018-05-21,779,1040,1267,1791
2018-05-22,784,1047,1276,1807
2018-05-23,788,1054,1286,1823
2018-05-24,793,1061,1296,1839
2018-05-25,798,1067,1306,1855
2018-05-28,811,1088,1335,1903
2018-05-29,816,1095,1345,1919
2018-05-30,821,1101,1354,1935
2018-05-31,825,1108,1364,1951
2018-06-01,830,1115,1374,1967
2018-06-04,834,1121,1382,1982
2018-06-05,836,1123,1385,1986
2018-06-06,837,1126,1388,1991
2018-06-07,839,1128,1391,1996
2018-06-08,840,1130,1394,2000
2018-06-11,845,1136,1403,2015
2018-06-12,846,1138,1406,2019
2018-06-13,848,1140,1409,2024
2018-06-14,849,1142,1412,2029
2018-06-15,851,1145,1415,2033
2018-06-18,855,1151,1423,2047
2018-06-19,857,1153,1426,2052
2018-06-20,858,1155,1429,2056
2018-06-21,860,1157,1432,2061
2018-06-22,861,1159,1435,2066
2018-06-25,866,1166,1444,2079
2018-06-26,867,1168,1447,2084
2018-06-27,869,1170,1450,2089
2018-06-28,870,1172,1453,2093
2018-06-29,872,1174,1456,2098
2018-07-02,877,1181,1464,2112
2018-07-03,878,1183,1467,2116
2018-07-04,880,1185,1470,2121
2018-07-05,881,1187,1473,2125
2018-07-06,883,1190,1476,2130
2018-07-09,887,1196,1485,2143
2018-07-10,889,1198,1488,2148
2018-07-11,890,1201,1491,2153
2018-07-12,892,1203,1494,2157
2018-07-13,893,1205,1497,2162
2018-07-16,898,1212,1506,2175
2018-07-17,900,1214,1509,2180
2018-07-18,901,1216,1512,2184
2018-07-19,903,1218,1515,2189
2018-07-20,904,1220,1518,2194
2018-07-23,909,1227,1527,2207
2018-07-24,911,1229,1530,2212
2018-07-25,912,1232,1533,2217
2018-07-26,914,1234,1536,2221
2018-07-27,915,1236,1539,2226
2018-07-30,920,1243,1549,2240
2018-07-31,922,1245,1552,2244
2018-08-01,923,1248,1555,2249
2018-08-02,923,1247,1553,2245
2018-08-03,922,1246,1551,2242
2018-08-06,920,1242,1546,2231
2018-08-07,920,1241,1544,2227
2018-08-08,919,1240,1542,2224
2018-08-09,918,1239,1540,2220
2018-08-10,918,1238,1539,2217
2018-08-13,916,1235,1533,2206
2018-08-14,915,1234,1532,2203
2018-08-15,915,1233,1530,2200
2018-08-16,914,1232,1528,2196
2018-08-17,914,1231,1527,2193
2018-08-20,912,1228,1522,2183
2018-08-21,911,1227,1520,2179
2018-08-22,911,1226,1518,2176
2018-08-23,910,1225,1517,2173
2018-08-24,909,1224,1515,2170
2018-08-27,908,1222,1510,2160
2018-08-28,907,1221,1509,2157
2018-08-29,907,1220,1507,2154
2018-08-30,906,1219,1505,2150
2018-08-31,905,1218,1504,2147
2018-09-03,904,1215,1499,2138
2018-09-04,903,1214,1498,2135
2018-09-05,903,1213,1496,2132
2018-09-06,902,1212,1495,2129
2018-09-07,901,1211,1493,2126
2018-09-10,900,1209,1489,2117
2018-09-11,899,1208,1487,2114
2018-09-12,899,1207,1486,2111
2018-09-13,898,1206,1484,2108
2018-09-14,897,1205,1483,2105
2018-09-17,896,1203,1479,2097
2018-09-18,895,1202,1477,2094
2018-09-19,895,1201,1476,2091
2018-09-20,894,1200,1474,2089
2018-09-21,893,1199,1473,2086
2018-09-24,892,1197,1469,2078
2018-09-25,891,1196,1468,2075
2018-09-26,891,1195,1466,2072
2018-09-27,890,1194,1465,2070
2018-09-28,890,1194,1464,2067
2018-10-01,888,1191,1460,2060
2018-10-02,884,1185,1451,2045
2018-10-03,880,1179,1442,2031
2018-10-04,876,1173,1434,2017
2018-10-05,872,1168,1425,2002
2018-10-08,860,1150,1400,1960
2018-10-09,856,1144,1391,1945
2018-10-10,852,1138,1383,1931
2018-10-11,848,1132,1374,1917
2018-10-12,844,1126,1366,1903
2018-10-15,832,1108,1340,1861
2018-10-16,828,1102,1332,1847
2018-10-17,824,1097,1323,1833
2018-10-18,820,1091,1315,1820
2018-10-19,816,1085,1306,1806
2018-10-22,804,1067,1281,1765
2018-10-23,800,1061,1272,1751
2018-10-24,796,1055,1264,1737
2018-10-25,792,1049,1255,1724
2018-10-26,788,1043,1247,1710
2018-10-29,775,1025,1222,1670
2018-10-30,771,1019,1213,1656
2018-10-31,767,1013,1205,1643
2018-11-01,763,1007,1196,1629
2018-11-02,759,1000,1187,1614
2018-11-05,745,980,1159,1570
2018-11-06,740,973,1150,1556
2018-11-07,736,967,1141,1541
2018-11-08,731,960,1131,1526
2018-11-09,726,953,1122,1512
2018-11-12,712,933,1094,1468
2018-11-13,708,926,1085,1454
2018-11-14,703,919,1075,1439
2018-11-15,698,912,1066,1425
2018-11-16,693,906,1057,1410
2018-11-19,679,885,1029,1367
2018-11-20,675,878,1020,1353
2018-11-21,670,871,1010,1339
2018-11-22,665,865,1001,1325
2018-11-23,660,858,992,1311
2018-11-26,646,837,964,1268
2018-11-27,641,830,955,1254
2018-11-28,636,823,945,1240
2018-11-29,631,816,936,1226
2018-11-30,626,809,927,1212
2018-12-03,612,788,899,1170
2018-12-04,607,781,890,1156
2018-12-05,602,774,881,1143
2018-12-06,597,767,871,1129
2018-12-07,592,760,862,1115
2018-12-10,577,739,834,1074
2018-12-11,572,732,825,1060
2018-12-12,567,725,816,1046
2018-12-13,562,718,806,1033
2018-12-14,557,711,797,1019
2018-12-17,542,690,769,979
2018-12-18,537,683,760,965
2018-12-19,532,675,751,952
2018-12-20,527,668,742,938
2018-12-21,522,661,732,925
2018-12-24,506,639,705,885
2018-12-25,501,632,695,871
2018-12-26,496,625,686,858
2018-12-27,491,618,677,845
2018-12-28,486,610,668,832
2018-12-31,470,589,640,792
2019-01-01,465,581,631,779
2019-01-02,465,581,631,779
2019-01-03,464,581,631,779
2019-01-04,464,581,630,779
2019-01-07,464,580,630,779
2019-01-08,464,580,630,779
2019-01-09,463,580,630,779
2019-01-10,463,580,629,779
2019-01-11,463,579,629,779
2019-01-14,462,579,629,778
2019-01-15,462,579,629,778
2019-01-16,462,578,628,778
2019-01-17,462,578,628,778
2019-01-18,462,578,628,778
2019-01-21,461,577,628,778
2019-01-22,461,577,627,778
2019-01-23,461,577,627,778
2019-01-24,460,577,627,777
2019-01-25,460,576,627,777
2019-01-28,459,576,626,777
2019-01-29,459,575,626,777
2019-01-30,459,575,626,777
2019-01-31,459,575,625,777
2019-02-01,459,575,625,776
2019-02-04,460,577,629,782
2019-02-05,461,578,630,784
2019-02-06,462,579,631,786
2019-02-07,462,580,633,788
2019-02-08,463,581,634,790
2019-02-11,464,583,638,796
2019-02-12,465,584,639,798
2019-02-13,466,585,640,800
2019-02-14,466,586,641,802
2019-02-15,467,587,642,804
2019-02-18,469,589,646,810
2019-02-19,469,590,647,811
2019-02-20,470,591,648,813
2019-02-21,470,592,649,815
2019-02-22,471,593,651,817
2019-02-25,473,595,654,823
2019-02-26,473,596,655,825
2019-02-27,474,597,657,827
2019-02-28,474,598,658,829
2019-03-01,475,599,659,831
2019-03-04,492,623,691,878
2019-03-05,498,631,702,894
2019-03-06,504,640,713,911
2019-03-07,509,648,723,927
2019-03-08,515,656,734,943
2019-03-11,532,680,767,992
2019-03-12,538,688,777,1009
2019-03-13,543,696,788,1025
2019-03-14,549,704,799,1042
2019-03-15,554,712,810,1058
2019-03-18,571,737,842,1108
2019-03-19,576,745,853,1125
2019-03-20,582,753,864,1142
2019-03-21,587,760,875,1159
2019-03-22,593,768,886,1176
2019-03-25,609,792,918,1227
2019-03-26,615,800,929,1244
2019-03-27,620,808,940,1261
2019-03-28,625,816,951,1278
2019-03-29,631,824,962,1295
2019-04-01,647,847,994,1347
2019-04-02,648,849,997,1352
2019-04-03,650,851,1000,1356
2019-04-04,651,853,1003,1361
2019-04-05,652,855,1006,1366
2019-04-08,657,861,1014,1380
2019-04-09,658,863,1017,1384
2019-04-10,659,865,1020,1389
2019-04-11,661,867,1023,1394
2019-04-12,662,869,1026,1398
2019-04-15,666,875,1034,1412
2019-04-16,667,877,1037,1417
2019-04-17,669,879,1039,1421
2019-04-18,670,881,1042,1426
2019-04-19,672,883,1045,1430
2019-04-22,676,889,1053,1444
2019-04-23,677,891,1056,1449
2019-04-24,678,893,1059,1453
2019-04-25,680,895,1061,1458
2019-04-26,681,896,1064,1462
2019-04-29,685,902,1072,1475
2019-04-30,686,904,1075,1480
2019-05-01,688,906,1078,1484
2019-05-02,694,915,1091,1505
2019-05-03,701,925,1104,1526
2019-05-06,720,953,1143,1590
2019-05-07,726,962,1156,1611
2019-05-08,732,971,1170,1633
2019-05-09,739,981,1183,1654
2019-05-10,745,990,1196,1675
2019-05-13,764,1018,1235,1740
2019-05-14,770,1027,1248,1761
2019-05-15,776,1036,1262,1783
2019-05-16,782,1045,1275,1804
2019-05-17,789,1055,1288,1826
2019-05-20,807,1082,1327,1891
2019-05-21,813,1091,1340,1912
2019-05-22,819,1100,1353,1934
2019-05-23,826,1110,1367,1956
2019-05-24,832,1119,1380,1978
2019-05-27,850,1146,1419,2043
2019-05-28,856,1155,1432,2065
2019-05-29,862,1164,1445,2087
2019-05-30,868,1173,1458,2109
2019-05-31,874,1182,1472,2130
2019-06-03,892,1209,1511,2196
2019-06-04,898,1218,1524,2218
2019-06-05,904,1228,1537,2240
2019-06-06,911,1237,1550,2262
2019-06-07,917,1246,1563,2284
2019-06-10,934,1272,1603,2350
2019-06-11,940,1281,1616,2373
2019-06-12,946,1290,1629,2395
2019-06-13,952,1299,1642,2417
2019-06-14,958,1308,1655,2439
2019-06-17,976,1335,1695,2505
2019-06-18,982,1344,1708,2528
2019-06-19,988,1353,1721,2550
2019-06-20,994,1362,1734,2572
2019-06-21,1000,1371,1747,2594
2019-06-24,1018,1398,1787,2661
2019-06-25,1024,1407,1800,2684
2019-06-26,1029,1415,1813,2706
2019-06-27,1035,1424,1826,2728
2019-06-28,1041,1433,1839,2751
2019-07-01,1059,1460,1879,2818
2019-07-02,1066,1472,1896,2847
2019-07-03,1074,1483,1913,2877
2019-07-04,1082,1495,1931,2907
2019-07-05,1089,1506,1948,2936
2019-07-08,1112,1541,2000,3026
2019-07-09,1120,1553,2017,3055
2019-07-10,1127,1564,2035,3085
2019-07-11,1135,1576,2052,3115
2019-07-12,1142,1587,2069,3145
2019-07-15,1165,1622,2122,3235
2019-07-16,1172,1634,2139,3265
2019-07-17,1180,1645,2157,3295
2019-07-18,1187,1657,2174,3326
2019-07-19,1195,1668,2191,3356
2019-07-22,1217,1703,2244,3447
2019-07-23,1225,1715,2261,3477
2019-07-24,1232,1726,2279,3507
2019-07-25,1240,1738,2296,3538
2019-07-26,1247,1749,2314,3568
2019-07-29,1270,1784,2367,3660
2019-07-30,1277,1795,2384,3691
2019-07-31,1284,1807,2402,3721
2019-08-01,1292,1818,2419,3752
2019-08-02,1287,1811,2407,3729
2019-08-05,1273,1789,2371,3662
2019-08-06,1269,1781,2359,3640
2019-08-07,1264,1774,2347,3617
2019-08-08,1259,1766,2335,3595
2019-08-09,1255,1759,2323,3573
2019-08-12,1241,1736,2288,3507
2019-08-13,1236,1729,2276,3485
2019-08-14,1232,1722,2264,3463
2019-08-15,1227,1714,2252,3441
2019-08-16,1222,1707,2240,3419
2019-08-19,1208,1685,2205,3355
2019-08-20,1204,1677,2193,3333
2019-08-21,1199,1670,2182,3312
2019-08-22,1194,1662,2170,3290
2019-08-23,1190,1655,2158,3269
2019-08-26,1176,1633,2123,3205
2019-08-27,1171,1625,2112,3184
2019-08-28,1166,1618,2100,3163
2019-08-29,1162,1611,2089,3142
2019-08-30,1157,1603,2077,3121
2019-09-02,1143,1581,2043,3059
2019-09-03,1138,1574,2031,3039
2019-09-04,1133,1566,2020,3018
2019-09-05,1129,1559,2008,2997
2019-09-06,1124,1552,1997,2977
2019-09-09,1110,1530,1963,2916
2019-09-10,1105,1522,1951,2896
2019-09-11,1100,1515,1940,2876
2019-09-12,1095,1508,1929,2855
2019-09-13,1091,1500,1917,2835
2019-09-16,1076,1478,1884,2776
2019-09-17,1072,1471,1872,2756
2019-09-18,1067,1463,1861,2736
2019-09-19,1062,1456,1850,2716
2019-09-20,1057,1449,1839,2697
2019-09-23,1043,1426,1805,2638
2019-09-24,1038,1419,1794,2619
2019-09-25,1033,1412,1783,2599
2019-09-26,1028,1404,1772,2580
2019-09-27,1023,1397,1761,2561
2019-09-30,1009,1375,1727,2503
2019-10-01,1004,1367,1716,2484
2019-10-02,1001,1363,1709,2472
2019-10-03,998,1358,1703,2461
2019-10-04,995,1354,1696,2449
2019-10-07,986,1341,1676,2414
2019-10-08,983,1336,1669,2403
2019-10-09,980,1332,1663,2391
2019-10-10,977,1327,1656,2380
2019-10-11,974,1323,1649,2368
2019-10-14,966,1309,1629,2334
2019-10-15,963,1305,1623,2323
2019-10-16,960,1300,1616,2312
2019-10-17,957,1296,1610,2300
2019-10-18,954,1291,1603,2289
2019-10-21,945,1278,1583,2256
2019-10-22,941,1273,1577,2244
2019-10-23,938,1269,1570,2233
2019-10-24,935,1264,1564,2222
2019-10-25,932,1260,1557,2211
2019-10-28,923,1246,1537,2178
2019-10-29,920,1242,1531,2167
2019-10-30,917,1237,1524,2156
2019-10-31,914,1233,1518,2146
2019-11-01,911,1228,1511,2135
2019-11-04,886,1191,1458,2047
2019-11-05,878,1179,1440,2018
2019-11-06,870,1167,1422,1990
2019-11-07,861,1154,1405,1961
2019-11-08,853,1142,1387,1932
2019-11-11,828,1104,1334,1847
2019-11-12,820,1092,1316,1818
2019-11-13,811,1079,1298,1790
2019-11-14,803,1067,1281,1762
2019-11-15,794,1054,1263,1734
2019-11-18,768,1016,1210,1650
2019-11-19,760,1004,1193,1622
2019-11-20,751,991,1175,1595
2019-11-21,743,978,1157,1567
2019-11-22,734,966,1140,1539
2019-11-25,708,927,1087,1458
2019-11-26,699,915,1070,1430
2019-11-27,690,902,1052,1403
2019-11-28,681,889,1035,1376
2019-11-29,672,876,1017,1350
2019-12-02,646,837,965,1270
2019-12-03,637,824,947,1243
2019-12-04,627,811,930,1217
2019-12-05,618,798,912,1190
2019-12-06,609,785,895,1164
2019-12-09,582,746,843,1086
2019-12-10,573,733,825,1061
2019-12-11,563,719,808,1035
2019-12-12,554,706,791,1009
2019-12-13,545,693,773,984
2019-12-16,516,653,722,908
2019-12-17,507,640,704,883
2019-12-18,497,626,687,858
2019-12-19,488,613,670,834
2019-12-20,478,599,653,809
2019-12-23,449,559,601,736
2019-12-24,439,545,584,712
2019-12-25,429,531,567,688
2019-12-26,419,518,550,664
2019-12-27,409,504,533,641
2019-12-30,379,462,482,571
2019-12-31,369,449,465,548
2020-01-01,359,435,448,525
2020-01-02,360,436,450,527
2020-01-03,361,437,452,530
2020-01-06,364,442,457,537
2020-01-07,365,443,459,540
2020-01-08,366,444,461,542
2020-01-09,367,446,462,545
2020-01-10,368,447,464,547
2020-01-13,370,451,469,555
2020-01-14,371,453,471,557
2020-01-15,372,454,473,560
2020-01-16,373,455,475,562
2020-01-17,374,457,476,565
2020-01-20,377,461,482,572
2020-01-21,378,462,483,575
2020-01-22,379,464,485,577
2020-01-23,380,465,487,580
2020-01-24,381,466,489,583
2020-01-27,384,470,494,590
2020-01-28,385,472,496,593
2020-01-29,386,473,497,595
2020-01-30,387,474,499,598
2020-01-31,388,476,501,600
2020-02-03,390,480,506,608
2020-02-04,391,481,508,610
2020-02-05,392,482,509,613
2020-02-06,393,484,511,616
2020-02-07,394,485,513,618
2020-02-10,397,489,518,626
2020-02-11,398,490,520,628
2020-02-12,399,491,521,631
2020-02-13,400,493,523,633
2020-02-14,400,494,525,636
2020-02-17,403,498,530,644
2020-02-18,404,499,532,646
2020-02-19,405,501,533,649
2020-02-20,406,502,535,651
2020-02-21,407,503,537,654
2020-02-24,409,507,542,661
2020-02-25,410,508,543,664
2020-02-26,411,509,545,666
2020-02-27,412,511,547,669
2020-02-28,413,512,548,671
2020-03-02,416,516,553,679
2020-03-03,417,517,555,682
2020-03-04,417,518,557,684
2020-03-05,418,520,558,687
2020-03-06,419,521,560,689
2020-03-09,422,524,565,697
2020-03-10,423,526,567,699
2020-03-11,424,527,568,702
2020-03-12,425,528,570,704
2020-03-13,425,529,571,707
2020-03-16,428,533,576,714
2020-03-17,429,534,578,716
2020-03-18,430,535,579,719
2020-03-19,431,537,581,721
2020-03-20,431,538,583,724
2020-03-23,434,542,588,731
2020-03-24,435,543,589,734
2020-03-25,436,544,591,736
2020-03-26,437,545,592,739
2020-03-27,437,546,594,741
2020-03-30,440,550,599,748
2020-03-31,441,551,600,751
2020-04-01,442,552,602,753
2020-04-02,439,549,597,747
2020-04-03,437,545,593,740
2020-04-06,429,534,579,721
2020-04-07,426,531,574,714
2020-04-08,424,527,570,708
2020-04-09,421,523,565,701
2020-04-10,419,520,561,695
2020-04-13,411,509,547,676
2020-04-14,408,505,542,669
2020-04-15,406,502,538,663
2020-04-16,403,498,533,657
2020-04-17,400,494,529,650
2020-04-20,393,483,515,631
2020-04-21,390,480,511,625
2020-04-22,387,476,506,618
2020-04-23,385,472,502,612
2020-04-24,382,469,497,606
2020-04-27,374,458,484,587
2020-04-28,372,454,479,581
2020-04-29,369,451,475,574
2020-04-30,366,447,470,568
2020-05-01,364,443,466,562
2020-05-04,436,543,591,741
2020-05-05,460,576,634,803
2020-05-06,483,609,676,866
2020-05-07,506,642,719,929
2020-05-08,529,674,762,994
2020-05-11,596,770,891,1192
2020-05-12,618,802,934,1259
2020-05-13,639,834,978,1327
2020-05-14,661,866,1021,1396
2020-05-15,683,897,1065,1466
2020-05-18,746,991,1197,1678
2020-05-19,767,1022,1241,1749
2020-05-20,788,1053,1285,1822
2020-05-21,808,1084,1330,1895
2020-05-22,829,1115,1374,1968
2020-05-25,890,1207,1507,2191
2020-05-26,910,1237,1552,2266
2020-05-27,930,1267,1597,2342
2020-05-28,950,1298,1642,2418
2020-05-29,969,1328,1687,2495
2020-06-01,1028,1418,1821,2727
2020-06-02,1021,1407,1804,2697
2020-06-03,1014,1396,1787,2668
2020-06-04,1007,1385,1771,2638
2020-06-05,1000,1373,1754,2609
2020-06-08,978,1340,1703,2522
2020-06-09,971,1329,1686,2493
2020-06-10,964,1317,1669,2464
2020-06-11,957,1306,1653,2435
2020-06-12,950,1295,1636,2406
2020-06-15,928,1262,1586,2320
2020-06-16,921,1250,1569,2292
2020-06-17,914,1239,1553,2264
2020-06-18,906,1228,1536,2235
2020-06-19,899,1217,1519,2207
2020-06-22,877,1183,1470,2123
2020-06-23,870,1172,1453,2095
2020-06-24,863,1161,1437,2068
2020-06-25,855,1150,1420,2040
2020-06-26,848,1139,1404,2013
2020-06-29,826,1105,1355,1931
2020-06-30,819,1094,1339,1904
2020-07-01,811,1083,1323,1877
2020-07-02,814,1087,1329,1886
2020-07-03,817,1091,1335,1896
2020-07-06,826,1104,1353,1924
2020-07-07,829,1109,1359,1934
2020-07-08,832,1113,1365,1943
2020-07-09,835,1117,1371,1953
2020-07-10,838,1122,1377,1963
2020-07-13,847,1135,1395,1991
2020-07-14,850,1139,1401,2001
2020-07-15,853,1143,1407,2010
2020-07-16,856,1148,1413,2020
2020-07-17,859,1152,1419,2030
2020-07-20,868,1165,1437,2058
2020-07-21,871,1169,1443,2068
2020-07-22,874,1174,1449,2078
2020-07-23,877,1178,1455,2087
2020-07-24,880,1182,1461,2097
2020-07-27,889,1196,1480,2126
2020-07-28,892,1200,1486,2135
2020-07-29,895,1204,1492,2145
2020-07-30,898,1209,1498,2155
2020-07-31,901,1213,1504,2165
2020-08-03,909,1226,1523,2194
2020-08-04,912,1231,1529,2203
2020-08-05,915,1235,1535,2213
2020-08-06,918,1240,1541,2223
2020-08-07,921,1244,1547,2233
2020-08-10,930,1257,1566,2262
2020-08-11,933,1262,1572,2272
2020-08-12,936,1266,1579,2282
2020-08-13,939,1271,1585,2292
2020-08-14,942,1275,1591,2302
2020-08-17,951,1288,1610,2331
2020-08-18,954,1293,1616,2341
2020-08-19,957,1297,1622,2351
2020-08-20,960,1302,1629,2361
2020-08-21,963,1306,1635,2371
2020-08-24,972,1320,1654,2401
2020-08-25,975,1324,1661,2411
2020-08-26,978,1329,1667,2422
2020-08-27,981,1333,1673,2432
2020-08-28,984,1338,1680,2442
2020-08-31,993,1351,1699,2472
2020-09-01,996,1356,1705,2483
2020-09-02,990,1345,1690,2456
2020-09-03,983,1335,1674,2429
2020-09-04,976,1324,1658,2402
2020-09-07,955,1293,1611,2322
2020-09-08,948,1282,1596,2295
2020-09-09,941,1272,1580,2268
2020-09-10,934,1261,1565,2242
2020-09-11,928,1251,1549,2216
2020-09-14,907,1219,1503,2137
2020-09-15,900,1209,1487,2112
2020-09-16,893,1198,1472,2086
2020-09-17,886,1187,1456,2060
2020-09-18,879,1177,1441,2034
2020-09-21,857,1145,1395,1958
2020-09-22,850,1134,1379,1932
2020-09-23,843,1124,1364,1907
2020-09-24,836,1113,1349,1882
2020-09-25,829,1102,1334,1857
2020-09-28,807,1070,1288,1782
2020-09-29,800,1060,1273,1758
2020-09-30,793,1049,1257,1733
2020-10-01,786,1038,1242,1708
2020-10-02,786,1039,1244,1711
2020-10-05,789,1043,1249,1718
2020-10-06,790,1044,1250,1720
2020-10-07,790,1046,1252,1722
2020-10-08,791,1047,1254,1725
2020-10-09,792,1048,1255,1727
2020-10-12,795,1052,1261,1735
2020-10-13,795,1053,1262,1737
2020-10-14,796,1055,1264,1739
2020-10-15,797,1056,1266,1742
2020-10-16,798,1057,1267,1744
2020-10-19,800,1061,1273,1752
2020-10-20,801,1062,1274,1755
2020-10-21,802,1064,1276,1757
2020-10-22,803,1065,1278,1760
2020-10-23,804,1066,1280,1763
2020-10-26,806,1070,1285,1771
2020-10-27,807,1071,1287,1773
2020-10-28,808,1073,1289,1776
2020-10-29,808,1074,1291,1779
2020-10-30,809,1075,1292,1782
2020-11-02,812,1079,1298,1790
2020-11-03,812,1080,1300,1793
2020-11-04,813,1082,1302,1796
2020-11-05,814,1083,1303,1798
2020-11-06,815,1084,1305,1801
2020-11-09,817,1088,1311,1810
2020-11-10,818,1089,1313,1813
2020-11-11,819,1091,1315,1816
2020-11-12,820,1092,1316,1819
2020-11-13,820,1093,1318,1822
2020-11-16,823,1097,1324,1831
2020-11-17,824,1098,1326,1834
2020-11-18,824,1100,1328,1837
2020-11-19,825,1101,1330,1840
2020-11-20,826,1102,1332,1843
2020-11-23,828,1106,1337,1852
2020-11-24,829,1108,1339,1855
2020-11-25,830,1109,1341,1858
2020-11-26,831,1110,1343,1861
2020-11-27,831,1111,1345,1865
2020-11-30,834,1115,1351,1874
2020-12-01,834,1116,1353,1877
2020-12-02,836,1119,1356,1883
2020-12-03,837,1121,1359,1889
2020-12-04,839,1123,1363,1894
2020-12-07,843,1130,1373,1911
2020-12-08,845,1133,1377,1917
2020-12-09,846,1135,1380,1923
2020-12-10,847,1137,1384,1928
2020-12-11,849,1140,1387,1934
2020-12-14,853,1147,1397,1952
2020-12-15,855,1149,1401,1957
2020-12-16,856,1151,1404,1963
2020-12-17,857,1154,1408,1969
2020-12-18,859,1156,1411,1975
2020-12-21,863,1163,1422,1992
2020-12-22,865,1165,1425,1998
2020-12-23,866,1167,1428,2004
2020-12-24,867,1170,1432,2010
2020-12-25,869,1172,1435,2016
2020-12-28,873,1179,1446,2034
2020-12-29,874,1181,1449,2040
2020-12-30,876,1183,1453,2046
2020-12-31,877,1185,1456,2052
2021-01-01,879,1188,1459,2057
2021-01-04,889,1204,1484,2098
2021-01-05,893,1210,1492,2112
2021-01-06,896,1215,1500,2126
2021-01-07,900,1221,1509,2140
2021-01-08,903,1226,1517,2154
2021-01-11,914,1243,1542,2196
2021-01-12,918,1249,1550,2210
2021-01-13,921,1254,1558,2224
2021-01-14,925,1260,1566,2239
2021-01-15,928,1265,1575,2253
2021-01-18,939,1281,1600,2295
2021-01-19,942,1287,1608,2310
2021-01-20,945,1292,1616,2324
2021-01-21,949,1298,1624,2338
2021-01-22,952,1303,1633,2352
2021-01-25,963,1320,1657,2395
2021-01-26,966,1325,1666,2410
2021-01-27,970,1330,1674,2424
2021-01-28,973,1336,1682,2439
2021-01-29,976,1341,1690,2453
2021-02-01,987,1357,1715,2496
2021-02-02,993,1367,1730,2522
2021-02-03,999,1377,1745,2548
2021-02-04,1006,1387,1760,2574
2021-02-05,1012,1397,1775,2600
2021-02-08,1031,1426,1820,2678
2021-02-09,1037,1436,1835,2704
2021-02-10,1043,1446,1850,2731
2021-02-11,1049,1456,1865,2757
2021-02-12,1055,1465,1880,2783
2021-02-15,1074,1495,1925,2862
2021-02-16,1080,1504,1940,2889
2021-02-17,1086,1514,1955,2916
2021-02-18,1092,1524,1970,2942
2021-02-19,1098,1533,1985,2969
2021-02-22,1117,1562,2030,3049
2021-02-23,1123,1572,2045,3076
2021-02-24,1129,1581,2060,3103
2021-02-25,1135,1591,2074,3130
2021-02-26,1141,1601,2089,3157
2021-03-01,1159,1629,2134,3238
2021-03-02,1174,1653,2171,3303
2021-03-03,1189,1676,2208,3368
2021-03-04,1204,1700,2244,3434
2021-03-05,1218,1723,2281,3500
2021-03-08,1262,1793,2392,3699
2021-03-09,1277,1817,2428,3766
2021-03-10,1291,1840,2465,3833
2021-03-11,1306,1863,2502,3901
2021-03-12,1320,1886,2539,3968
2021-03-15,1363,1956,2650,4173
2021-03-16,1378,1979,2687,4241
2021-03-17,1392,2002,2724,4310
2021-03-18,1406,2025,2761,4379
2021-03-19,1420,2048,2798,4448
2021-03-22,1463,2116,2909,4656
2021-03-23,1477,2139,2946,4726
2021-03-24,1491,2162,2984,4796
2021-03-25,1505,2184,3021,4866
2021-03-26,1518,2207,3058,4936
2021-03-29,1560,2275,3169,5148
2021-03-30,1574,2297,3206,5219
2021-03-31,1588,2320,3244,5290
2021-04-01,1601,2342,3281,5361
2021-04-02,1603,2346,3287,5373
2021-04-05,1609,2355,3304,5409
2021-04-06,1611,2359,3309,5420
2021-04-07,1614,2362,3315,5432
2021-04-08,1616,2365,3321,5444
2021-04-09,1618,2369,3326,5455
2021-04-12,1624,2378,3343,5490
2021-04-13,1626,2382,3349,5501
2021-04-14,1628,2385,3354,5512
2021-04-15,1630,2388,3360,5524
2021-04-16,1632,2391,3365,5535
2021-04-19,1638,2401,3381,5569
2021-04-20,1640,2404,3387,5580
2021-04-21,1642,2407,3392,5591
2021-04-22,1644,2410,3398,5602
2021-04-23,1646,2414,3403,5613
2021-04-26,1652,2423,3419,5645
2021-04-27,1654,2426,3425,5656
2021-04-28,1656,2429,3430,5667
2021-04-29,1658,2433,3435,5678
2021-04-30,1660,2436,3440,5688
2021-05-03,1666,2445,3456,5720
2021-05-04,1668,2448,3461,5730
2021-05-05,1670,2451,3467,5741
2021-05-06,1672,2455,3472,5751
2021-05-07,1675,2458,3477,5762
2021-05-10,1681,2467,3493,5792
2021-05-11,1683,2470,3498,5802
2021-05-12,1685,2473,3503,5813
2021-05-13,1687,2476,3508,5823
2021-05-14,1689,2480,3513,5833
2021-05-17,1695,2489,3528,5863
2021-05-18,1697,2492,3534,5873
2021-05-19,1699,2495,3539,5882
2021-05-20,1701,2498,3544,5892
2021-05-21,1703,2501,3549,5902
2021-05-24,1709,2511,3564,5931
2021-05-25,1712,2514,3569,5941
2021-05-26,1714,2517,3574,5950
2021-05-27,1716,2520,3579,5960
2021-05-28,1718,2523,3584,5969
2021-05-31,1724,2533,3599,5998
2021-06-01,1726,2536,3604,6007
2021-06-02,1725,2533,3599,5998
2021-06-03,1723,2531,3594,5988
2021-06-04,1722,2528,3590,5979
2021-06-07,1718,2520,3576,5951
2021-06-08,1716,2517,3571,5941
2021-06-09,1715,2515,3566,5932
2021-06-10,1713,2512,3561,5922
2021-06-11,1712,2509,3557,5913
2021-06-14,1708,2502,3543,5884
2021-06-15,1706,2499,3538,5874
2021-06-16,1705,2496,3533,5865
2021-06-17,1704,2494,3529,5855
2021-06-18,1702,2491,3524,5846
2021-06-21,1698,2484,3510,5817
2021-06-22,1697,2481,3506,5807
2021-06-23,1696,2479,3501,5798
2021-06-24,1694,2476,3496,5788
2021-06-25,1693,2474,3492,5779
2021-06-28,1689,2466,3478,5750
2021-06-29,1688,2464,3474,5741
2021-06-30,1686,2461,3469,5731
2021-07-01,1685,2459,3465,5721
2021-07-02,1698,2479,3498,5784
2021-07-05,1736,2540,3598,5973
2021-07-06,1748,2561,3631,6036
2021-07-07,1761,2581,3665,6099
2021-07-08,1773,2602,3698,6163
2021-07-09,1786,2622,3732,6226
2021-07-12,1823,2683,3832,6417
2021-07-13,1836,2703,3865,6480
2021-07-14,1848,2724,3899,6544
2021-07-15,1861,2744,3932,6608
2021-07-16,1873,2764,3966,6672
2021-07-19,1911,2825,4067,6864
2021-07-20,1923,2845,4100,6928
2021-07-21,1936,2866,4134,6993
2021-07-22,1948,2886,4168,7057
2021-07-23,1960,2906,4202,7122
2021-07-26,1997,2967,4303,7316
2021-07-27,2010,2987,4337,7381
2021-07-28,2022,3008,4370,7446
2021-07-29,2035,3028,4404,7511
2021-07-30,2047,3048,4438,7576
2021-08-02,2084,3109,4540,7772
2021-08-03,2096,3129,4574,7837
2021-08-04,2108,3150,4608,7903
2021-08-05,2121,3170,4642,7969
2021-08-06,2133,3190,4676,8034
2021-08-09,2170,3251,4779,8233
2021-08-10,2182,3271,4813,8299
2021-08-11,2194,3292,4848,8365
2021-08-12,2206,3312,4882,8432
2021-08-13,2219,3332,4916,8498
2021-08-16,2255,3393,5020,8698
2021-08-17,2267,3414,5054,8765
2021-08-18,2280,3434,5089,8833
2021-08-19,2292,3454,5123,8900
2021-08-20,2304,3475,5158,8967
2021-08-23,2340,3536,5262,9170
2021-08-24,2353,3556,5297,9238
2021-08-25,2365,3577,5332,9306
2021-08-26,2377,3597,5367,9374
2021-08-27,2389,3618,5402,9442
2021-08-30,2425,3679,5507,9648
2021-08-31,2437,3699,5542,9717
2021-09-01,2450,3720,5577,9786
2021-09-02,2429,3684,5513,9653
2021-09-03,2407,3648,5449,9522
2021-09-06,2344,3540,5258,9129
2021-09-07,2323,3504,5194,8999
2021-09-08,2301,3468,5131,8870
2021-09-09,2280,3432,5067,8741
2021-09-10,2259,3395,5004,8612
2021-09-13,2194,3287,4815,8230
2021-09-14,2173,3250,4752,8104
2021-09-15,2151,3214,4689,7978
2021-09-16,2129,3178,4626,7852
2021-09-17,2108,3141,4563,7727
2021-09-20,2042,3032,4375,7355
2021-09-21,2020,2995,4313,7232
2021-09-22,1998,2958,4250,7110
2021-09-23,1976,2922,4188,6988
2021-09-24,1954,2885,4126,6866
2021-09-27,1887,2774,3940,6505
2021-09-28,1864,2737,3878,6386
2021-09-29,1842,2700,3816,6267
2021-09-30,1819,2663,3754,6148
2021-10-01,1796,2626,3693,6030
2021-10-04,1777,2595,3640,5927
2021-10-05,1771,2584,3622,5893
2021-10-06,1764,2574,3604,5858
2021-10-07,1758,2563,3587,5824
2021-10-08,1751,2552,3569,5790
2021-10-11,1731,2521,3517,5689
2021-10-12,1725,2510,3499,5655
2021-10-13,1718,2500,3482,5621
2021-10-14,1712,2489,3464,5588
2021-10-15,1705,2479,3447,5555
2021-10-18,1685,2447,3394,5455
2021-10-19,1679,2436,3377,5422
2021-10-20,1672,2426,3360,5389
2021-10-21,1666,2415,3342,5356
2021-10-22,1659,2404,3325,5323
2021-10-25,1639,2372,3273,5225
2021-10-26,1632,2362,3255,5192
2021-10-27,1626,2351,3238,5160
2021-10-28,1619,2340,3221,5127
2021-10-29,1612,2330,3203,5095
2021-11-01,1592,2297,3152,4998
2021-11-02,1581,2279,3122,4944
2021-11-03,1569,2261,3093,4891
2021-11-04,1558,2243,3064,4837
2021-11-05,1547,2225,3035,4784
2021-11-08,1512,2170,2948,4624
2021-11-09,1501,2152,2919,4571
2021-11-10,1489,2134,2890,4518
2021-11-11,1478,2115,2860,4466
2021-11-12,1466,2097,2831,4413
2021-11-15,1431,2042,2744,4256
2021-11-16,1420,2023,2715,4204
2021-11-17,1408,2005,2686,4152
2021-11-18,1396,1986,2657,4100
2021-11-19,1384,1968,2628,4048
2021-11-22,1349,1912,2541,3894
2021-11-23,1337,1893,2512,3843
2021-11-24,1325,1874,2483,3792
2021-11-25,1313,1856,2455,3741
2021-11-26,1301,1837,2426,3690
2021-11-29,1265,1781,2339,3538
2021-11-30,1253,1762,2310,3488
2021-12-01,1241,1743,2281,3437
2021-12-02,1240,1741,2279,3433
2021-12-03,1239,1739,2276,3429
2021-12-06,1235,1734,2269,3418
2021-12-07,1234,1733,2267,3414
2021-12-08,1233,1731,2264,3410
2021-12-09,1231,1729,2262,3406
2021-12-10,1230,1728,2260,3402
2021-12-13,1226,1722,2252,3390
2021-12-14,1225,1721,2250,3387
2021-12-15,1224,1719,2247,3383
2021-12-16,1223,1717,2245,3379
2021-12-17,1221,1715,2243,3375
2021-12-20,1218,1710,2235,3363
2021-12-21,1216,1708,2233,3360
2021-12-22,1215,1707,2230,3356
2021-12-23,1214,1705,2228,3352
2021-12-24,1213,1703,2225,3348
2021-12-27,1209,1698,2218,3337
2021-12-28,1207,1696,2215,3333
2021-12-29,1206,1694,2213,3329
2021-12-30,1205,1692,2210,3325
2021-12-31,1204,1690,2208,3321
2022-01-03,1200,1685,2200,3310
2022-01-04,1198,1683,2198,3306
2022-01-05,1197,1681,2195,3302
2022-01-06,1196,1679,2193,3299
2022-01-07,1194,1677,2190,3295
2022-01-10,1190,1671,2182,3283
2022-01-11,1189,1669,2180,3279
2022-01-12,1188,1668,2177,3275
2022-01-13,1186,1666,2174,3271
2022-01-14,1185,1664,2172,3267
2022-01-17,1181,1658,2164,3255
2022-01-18,1179,1656,2161,3251
2022-01-19,1178,1654,2158,3247
2022-01-20,1177,1652,2155,3243
2022-01-21,1175,1650,2153,3239
2022-01-24,1171,1644,2145,3227
2022-01-25,1170,1642,2142,3223
2022-01-26,1168,1640,2139,3219
2022-01-27,1167,1638,2136,3215
2022-01-28,1165,1636,2133,3211
2022-01-31,1161,1629,2125,3198
2022-02-01,1160,1627,2122,3194
2022-02-02,1165,1636,2135,3218
2022-02-03,1170,1644,2148,3241
2022-02-04,1175,1652,2161,3265
2022-02-07,1191,1677,2201,3336
2022-02-08,1196,1685,2214,3360
2022-02-09,1201,1694,2227,3384
2022-02-10,1206,1702,2240,3408
2022-02-11,1211,1710,2253,3432
2022-02-14,1227,1735,2292,3504
2022-02-15,1232,1743,2305,3528
2022-02-16,1237,1751,2319,3552
2022-02-17,1242,1759,2332,3576
2022-02-18,1247,1768,2345,3600
2022-02-21,1262,1792,2384,3672
2022-02-22,1267,1800,2397,3696
2022-02-23,1272,1808,2410,3721
2022-02-24,1277,1816,2423,3745
2022-02-25,1282,1824,2436,3769
2022-02-28,1297,1848,2475,3842
2022-03-01,1302,1856,2488,3866
2022-03-02,1302,1857,2490,3870
2022-03-03,1303,1858,2491,3874
2022-03-04,1303,1859,2493,3878
2022-03-07,1305,1862,2498,3890
2022-03-08,1305,1862,2500,3894
2022-03-09,1306,1863,2501,3897
2022-03-10,1306,1864,2503,3901
2022-03-11,1307,1865,2504,3905
2022-03-14,1308,1867,2509,3916
2022-03-15,1309,1868,2511,3920
2022-03-16,1309,1869,2512,3923
2022-03-17,1310,1869,2514,3927
2022-03-18,1310,1870,2515,3931
2022-03-21,1311,1872,2519,3941
2022-03-22,1312,1873,2521,3944
2022-03-23,1312,1874,2522,3948
2022-03-24,1313,1874,2524,3951
2022-03-25,1313,1875,2525,3955
2022-03-28,1314,1877,2529,3964
2022-03-29,1315,1878,2531,3968
2022-03-30,1315,1879,2532,3971
2022-03-31,1316,1879,2533,3974
2022-04-01,1316,1880,2534,3977
2022-04-04,1312,1873,2524,3960
2022-04-05,1311,1871,2520,3954
2022-04-06,1309,1868,2517,3949
2022-04-07,1308,1866,2513,3943
2022-04-08,1306,1863,2510,3937
2022-04-11,1302,1856,2499,3920
2022-04-12,1301,1854,2496,3914
2022-04-13,1299,1852,2492,3908
2022-04-14,1298,1849,2488,3902
2022-04-15,1296,1847,2485,3896
2022-04-18,1292,1840,2474,3878
2022-04-19,1291,1837,2470,3872
2022-04-20,1289,1835,2467,3866
2022-04-21,1288,1833,2463,3860
2022-04-22,1286,1830,2459,3853
2022-04-25,1282,1823,2448,3835
2022-04-26,1281,1821,2445,3828
2022-04-27,1279,1818,2441,3822
2022-04-28,1278,1816,2437,3816
2022-04-29,1276,1813,2433,3809
2022-05-02,1272,1806,2422,3790
2022-05-03,1271,1804,2418,3784
2022-05-04,1269,1802,2415,3777
2022-05-05,1268,1799,2411,3771
2022-05-06,1267,1797,2407,3764
2022-05-09,1262,1790,2396,3745
2022-05-10,1261,1787,2392,3738
2022-05-11,1260,1785,2388,3731
2022-05-12,1258,1782,2385,3725
2022-05-13,1257,1780,2381,3718
2022-05-16,1253,1773,2370,3698
2022-05-17,1251,1771,2366,3691
2022-05-18,1250,1768,2362,3684
2022-05-19,1249,1766,2358,3677
2022-05-20,1247,1763,2354,3671
2022-05-23,1243,1756,2343,3650
2022-05-24,1242,1754,2339,3643
2022-05-25,1240,1752,2335,3636
2022-05-26,1239,1749,2332,3630
2022-05-27,1238,1747,2328,3623
2022-05-30,1234,1740,2316,3602
2022-05-31,1232,1738,2313,3595
2022-06-01,1231,1735,2309,3588
2022-06-02,1226,1727,2295,3563
2022-06-03,1220,1718,2282,3539
2022-06-06,1204,1692,2241,3465
2022-06-07,1199,1684,2228,3441
2022-06-08,1194,1675,2214,3417
2022-06-09,1189,1667,2201,3392
2022-06-10,1183,1658,2187,3368
2022-06-13,1167,1633,2147,3295
2022-06-14,1162,1624,2133,3271
2022-06-15,1157,1615,2120,3247
2022-06-16,1151,1607,2107,3223
2022-06-17,1146,1598,2093,3199
2022-06-20,1130,1573,2053,3128
2022-06-21,1125,1564,2040,3104
2022-06-22,1119,1556,2027,3080
2022-06-23,1114,1547,2013,3056
2022-06-24,1109,1539,2000,3033
2022-06-27,1093,1513,1961,2962
2022-06-28,1087,1505,1947,2939
2022-06-29,1082,1496,1934,2915
2022-06-30,1077,1488,1921,2892
2022-07-01,1071,1479,1908,2869
2022-07-04,1029,1414,1809,2695
2022-07-05,1015,1392,1776,2638
2022-07-06,1001,1370,1743,2581
2022-07-07,987,1348,1710,2524
2022-07-08,973,1327,1677,2468
2022-07-11,930,1261,1579,2301
2022-07-12,916,1239,1547,2246
2022-07-13,901,1217,1515,2191
2022-07-14,887,1195,1482,2136
2022-07-15,872,1173,1450,2082
2022-07-18,829,1107,1354,1922
2022-07-19,814,1084,1322,1869
2022-07-20,799,1062,1290,1817
2022-07-21,784,1040,1258,1764
2022-07-22,769,1018,1226,1713
2022-07-25,724,951,1132,1559
2022-07-26,709,928,1100,1509
2022-07-27,694,906,1069,1459
2022-07-28,679,884,1038,1410
2022-07-29,663,861,1006,1360
2022-08-01,617,793,913,1215
2022-08-02,630,813,940,1255
2022-08-03,643,832,966,1295
2022-08-04,657,851,992,1336
2022-08-05,670,870,1018,1376
2022-08-08,710,928,1097,1499
2022-08-09,723,947,1123,1541
2022-08-10,736,966,1150,1583
2022-08-11,749,985,1176,1624
2022-08-12,762,1004,1203,1667
2022-08-15,800,1061,1283,1794
2022-08-16,813,1080,1310,1837
2022-08-17,826,1099,1336,1880
2022-08-18,839,1118,1363,1923
2022-08-19,851,1137,1390,1966
2022-08-22,889,1194,1471,2098
2022-08-23,901,1212,1498,2142
2022-08-24,914,1231,1525,2186
2022-08-25,926,1250,1552,2231
2022-08-26,939,1269,1579,2275
2022-08-29,976,1325,1661,2410
2022-08-30,988,1344,1688,2455
2022-08-31,1001,1362,1716,2501
2022-09-01,1013,1381,1743,2546
2022-09-02,1010,1376,1736,2534
2022-09-05,1001,1363,1715,2496
2022-09-06,998,1358,1708,2484
2022-09-07,995,1353,1700,2471
2022-09-08,992,1349,1693,2459
2022-09-09,989,1344,1686,2446
2022-09-12,980,1330,1665,2409
2022-09-13,977,1326,1658,2397
2022-09-14,974,1321,1651,2385
2022-09-15,971,1317,1645,2373
2022-09-16,968,1312,1638,2361
2022-09-19,959,1298,1617,2324
2022-09-20,956,1294,1610,2312
2022-09-21,953,1289,1603,2300
2022-09-22,950,1284,1596,2289
2022-09-23,947,1280,1589,2277
2022-09-26,938,1266,1569,2241
2022-09-27,935,1261,1562,2229
2022-09-28,932,1257,1555,2218
2022-09-29,928,1252,1548,2206
2022-09-30,925,1248,1542,2194
2022-10-03,916,1234,1521,2160
2022-10-04,913,1229,1514,2148
2022-10-05,910,1225,1508,2137
2022-10-06,907,1220,1501,2125
2022-10-07,904,1216,1494,2114
2022-10-10,895,1202,1474,2080
2022-10-11,892,1197,1467,2068
2022-10-12,888,1193,1460,2057
2022-10-13,885,1188,1454,2046
2022-10-14,882,1183,1447,2034
2022-10-17,873,1169,1427,2001
2022-10-18,870,1165,1420,1990
2022-10-19,867,1160,1414,1979
2022-10-20,864,1156,1407,1968
2022-10-21,860,1151,1400,1957
2022-10-24,851,1137,1380,1924
2022-10-25,848,1132,1374,1913
2022-10-26,845,1128,1367,1902
2022-10-27,841,1123,1360,1891
2022-10-28,838,1118,1354,1880
2022-10-31,829,1104,1334,1848
2022-11-01,826,1100,1327,1837
2022-11-02,828,1104,1333,1847
2022-11-03,831,1108,1339,1856
2022-11-04,834,1113,1345,1866
2022-11-07,842,1125,1364,1895
2022-11-08,845,1130,1370,1904
2022-11-09,848,1134,1376,1914
2022-11-10,851,1138,1382,1924
2022-11-11,853,1142,1388,1934
2022-11-14,862,1155,1406,1963
2022-11-15,864,1160,1413,1973
2022-11-16,867,1164,1419,1983
2022-11-17,870,1168,1425,1993
2022-11-18,873,1172,1431,2003
2022-11-21,881,1185,1450,2033
2022-11-22,884,1189,1456,2043
2022-11-23,886,1194,1462,2054
2022-11-24,889,1198,1468,2064
2022-11-25,892,1202,1475,2074
2022-11-28,900,1215,1493,2105
2022-11-29,903,1219,1500,2115
2022-11-30,905,1224,1506,2125
2022-12-01,908,1228,1512,2136
2022-12-02,904,1222,1503,2122
2022-12-05,892,1204,1478,2080
2022-12-06,888,1198,1469,2066
2022-12-07,884,1191,1460,2052
2022-12-08,879,1185,1452,2038
2022-12-09,875,1179,1443,2025
2022-12-12,863,1161,1417,1983
2022-12-13,859,1155,1409,1969
2022-12-14,855,1149,1400,1956
2022-12-15,850,1142,1391,1942
2022-12-16,846,1136,1383,1928
2022-12-19,834,1118,1357,1887
2022-12-20,829,1112,1348,1873
2022-12-21,825,1105,1339,1860
2022-12-22,821,1099,1331,1846
2022-12-23,817,1093,1322,1832
2022-12-26,804,1074,1296,1791
2022-12-27,800,1068,1287,1778
2022-12-28,795,1062,1279,1764
2022-12-29,791,1055,1270,1750
2022-12-30,787,1049,1261,1737
2023-01-02,774,1030,1235,1696
2023-01-03,770,1024,1226,1683
2023-01-04,765,1018,1218,1669
2023-01-05,761,1011,1209,1656
2023-01-06,757,1005,1200,1642
2023-01-09,744,986,1174,1602
2023-01-10,739,979,1165,1588
2023-01-11,735,973,1157,1575
2023-01-12,730,967,1148,1561
2023-01-13,726,960,1139,1548
2023-01-16,713,941,1113,1507
2023-01-17,708,935,1104,1494
2023-01-18,704,928,1095,1481
2023-01-19,700,922,1086,1467
2023-01-20,695,915,1078,1454
2023-01-23,682,896,1051,1414
2023-01-24,677,889,1042,1400
2023-01-25,673,883,1034,1387
2023-01-26,668,876,1025,1374
2023-01-27,664,870,1016,1360
2023-01-30,650,850,990,1320
2023-01-31,646,843,981,1307
2023-02-01,641,837,972,1294
2023-02-02,649,848,987,1318
2023-02-03,656,859,1003,1342
2023-02-06,678,892,1049,1414
2023-02-07,686,903,1064,1438
2023-02-08,693,914,1079,1463
2023-02-09,700,925,1095,1487
2023-02-10,708,936,1110,1512
2023-02-13,730,969,1156,1586
2023-02-14,737,979,1172,1611
2023-02-15,744,990,1187,1636
2023-02-16,751,1001,1203,1662
2023-02-17,759,1012,1218,1687
2023-02-20,780,1044,1265,1763
2023-02-21,787,1055,1280,1788
2023-02-22,794,1066,1296,1814
2023-02-23,801,1077,1311,1840
2023-02-24,809,1087,1327,1865
2023-02-27,830,1120,1374,1943
2023-02-28,837,1130,1389,1969
2023-03-01,844,1141,1405,1995
2023-03-02,840,1136,1397,1983
2023-03-03,837,1130,1390,1972
2023-03-06,826,1115,1368,1937
2023-03-07,823,1109,1361,1925
2023-03-08,819,1104,1353,1914
2023-03-09,816,1099,1346,1902
2023-03-10,812,1094,1338,1890
2023-03-13,802,1078,1316,1855
2023-03-14,798,1072,1309,1844
2023-03-15,795,1067,1301,1832
2023-03-16,791,1062,1294,1820
2023-03-17,787,1057,1286,1809
2023-03-20,777,1041,1264,1774
2023-03-21,773,1035,1257,1762
2023-03-22,770,1030,1249,1750
2023-03-23,766,1025,1242,1738
2023-03-24,763,1019,1234,1727
2023-03-27,752,1003,1212,1692
2023-03-28,748,998,1205,1680
2023-03-29,745,993,1197,1668
2023-03-30,741,987,1190,1657
2023-03-31,738,982,1182,1645
2023-04-03,727,966,1160,1610
2023-04-04,723,960,1152,1598
2023-04-05,720,955,1145,1587
2023-04-06,716,950,1138,1575
2023-04-07,713,944,1130,1563
2023-04-10,702,928,1108,1528
2023-04-11,698,923,1100,1517
2023-04-12,695,918,1093,1505
2023-04-13,691,912,1085,1493
2023-04-14,688,907,1078,1482
2023-04-17,677,891,1056,1447
2023-04-18,673,885,1048,1435
2023-04-19,669,880,1041,1424
2023-04-20,666,874,1033,1412
2023-04-21,662,869,1026,1401
2023-04-24,651,853,1004,1366
2023-04-25,648,848,996,1354
2023-04-26,644,842,989,1343
2023-04-27,640,837,981,1331
2023-04-28,637,831,974,1320
2023-05-01,626,815,952,1286
2023-05-02,628,818,955,1291
2023-05-03,630,820,959,1297
2023-05-04,631,823,963,1303
2023-05-05,633,826,966,1309
2023-05-08,639,833,977,1326
2023-05-09,641,836,980,1331
2023-05-10,642,839,984,1337
2023-05-11,644,841,988,1343
2023-05-12,646,844,991,1348
2023-05-15,651,852,1002,1365
2023-05-16,653,854,1005,1371
2023-05-17,655,857,1009,1376
2023-05-18,657,859,1012,1382
2023-05-19,659,862,1016,1388
2023-05-22,664,870,1027,1404
2023-05-23,666,872,1030,1410
2023-05-24,668,875,1034,1416
2023-05-25,670,877,1037,1421
2023-05-26,672,880,1041,1427
2023-05-29,677,888,1051,1443
2023-05-30,679,890,1055,1449
2023-05-31,681,893,1058,1454
2023-06-01,682,895,1062,1460
2023-06-02,682,895,1061,1459
2023-06-05,682,894,1060,1457
2023-06-06,682,894,1059,1456
2023-06-07,682,894,1059,1455
2023-06-08,682,893,1058,1454
2023-06-09,682,893,1058,1453
2023-06-12,681,892,1057,1451
2023-06-13,681,892,1056,1450
2023-06-14,681,892,1056,1449
2023-06-15,681,892,1055,1448
2023-06-16,681,892,1055,1448
2023-06-19,681,891,1054,1445
2023-06-20,681,891,1053,1444
2023-06-21,681,890,1053,1443
2023-06-22,681,890,1052,1442
2023-06-23,680,890,1052,1442
2023-06-26,680,889,1051,1439
2023-06-27,680,889,1050,1438
2023-06-28,680,889,1050,1437
2023-06-29,680,889,1049,1436
2023-06-30,680,889,1049,1435
2023-07-03,680,888,1048,1433
2023-07-04,680,888,1047,1432
2023-07-05,680,888,1047,1431
2023-07-06,680,887,1047,1430
2023-07-07,680,887,1046,1429
2023-07-10,680,887,1045,1427
2023-07-11,680,887,1045,1426
2023-07-12,680,886,1044,1425
2023-07-13,680,886,1044,1424
2023-07-14,679,886,1044,1423
2023-07-17,679,886,1042,1421
2023-07-18,679,886,1042,1420
2023-07-19,679,885,1042,1419
2023-07-20,679,885,1041,1418
2023-07-21,679,885,1041,1417
2023-07-24,679,885,1040,1415
2023-07-25,679,885,1040,1414
2023-07-26,679,885,1040,1413
2023-07-27,679,885,1039,1412
2023-07-28,679,885,1039,1412
2023-07-31,679,884,1038,1409
2023-08-01,679,884,1038,1409
2023-08-02,690,899,1058,1440
2023-08-03,700,914,1078,1472
2023-08-04,710,929,1099,1504
2023-08-07,740,973,1160,1600
2023-08-08,750,988,1180,1632
2023-08-09,760,1002,1201,1665
2023-08-10,770,1017,1221,1697
2023-08-11,780,1032,1242,1730
2023-08-14,810,1076,1304,1828
2023-08-15,820,1091,1324,1861
2023-08-16,830,1105,1345,1895
2023-08-17,840,1120,1366,1928
2023-08-18,849,1134,1387,1961
2023-08-21,879,1178,1449,2062
2023-08-22,889,1193,1470,2096
2023-08-23,898,1207,1491,2130
2023-08-24,908,1222,1512,2164
2023-08-25,918,1237,1533,2198
2023-08-28,947,1280,1596,2301
2023-08-29,956,1295,1617,2336
2023-08-30,966,1309,1638,2371
2023-08-31,975,1324,1659,2405
2023-09-01,985,1338,1680,2440
2023-09-04,1014,1383,1745,2548
2023-09-05,1024,1398,1767,2584
2023-09-06,1034,1413,1788,2620
2023-09-07,1043,1427,1810,2656
2023-09-08,1053,1442,1832,2693
2023-09-11,1082,1487,1897,2803
2023-09-12,1091,1501,1919,2839
2023-09-13,1101,1516,1941,2876
2023-09-14,1111,1531,1963,2914
2023-09-15,1120,1546,1985,2951
2023-09-18,1149,1590,2052,3063
2023-09-19,1158,1605,2074,3101
2023-09-20,1168,1620,2096,3138
2023-09-21,1177,1634,2118,3176
2023-09-22,1187,1649,2141,3214
2023-09-25,1215,1693,2208,3329
2023-09-26,1225,1708,2230,3367
2023-09-27,1234,1723,2252,3406
2023-09-28,1243,1738,2275,3444
2023-09-29,1253,1753,2297,3483
2023-10-02,1281,1797,2365,3600
2023-10-03,1290,1812,2388,3639
2023-10-04,1300,1827,2410,3679
2023-10-05,1309,1841,2433,3718
2023-10-06,1318,1856,2456,3758
2023-10-09,1346,1900,2524,3877
2023-10-10,1355,1915,2547,3917
2023-10-11,1365,1930,2570,3958
2023-10-12,1374,1945,2593,3998
2023-10-13,1383,1960,2616,4038
2023-10-16,1411,2004,2685,4160
2023-10-17,1420,2019,2709,4201
2023-10-18,1429,2034,2732,4243
2023-10-19,1438,2048,2755,4284
2023-10-20,1448,2063,2778,4325
2023-10-23,1475,2108,2848,4450
2023-10-24,1484,2122,2872,4492
2023-10-25,1493,2137,2895,4534
2023-10-26,1502,2152,2919,4576
2023-10-27,1512,2167,2942,4618
2023-10-30,1539,2211,3013,4746
2023-10-31,1548,2226,3037,4788
2023-11-01,1557,2241,3060,4831
2023-11-02,1545,2222,3030,4775
2023-11-03,1533,2202,2999,4719
2023-11-06,1497,2145,2907,4551
2023-11-07,1485,2125,2876,4495
2023-11-08,1472,2106,2846,4439
2023-11-09,1460,2087,2815,4384
2023-11-10,1448,2067,2784,4329
2023-11-13,1411,2009,2693,4164
2023-11-14,1399,1990,2662,4109
2023-11-15,1386,1970,2632,4055
2023-11-16,1374,1951,2601,4000
2023-11-17,1362,1931,2571,3946
2023-11-20,1324,1872,2479,3784
2023-11-21,1312,1852,2449,3730
2023-11-22,1299,1833,2418,3677
2023-11-23,1286,1813,2388,3623
2023-11-24,1274,1793,2357,3570
2023-11-27,1236,1734,2266,3411
2023-11-28,1223,1714,2236,3358
2023-11-29,1210,1694,2205,3305
2023-11-30,1197,1674,2175,3253
2023-12-01,1184,1654,2145,3201
2023-12-04,1153,1606,2072,3077
2023-12-05,1143,1590,2048,3036
2023-12-06,1132,1574,2024,2995
2023-12-07,1122,1558,2000,2954
2023-12-08,1112,1541,1976,2913
2023-12-11,1080,1493,1904,2791
2023-12-12,1069,1477,1880,2750
2023-12-13,1059,1461,1856,2710
2023-12-14,1048,1444,1832,2670
2023-12-15,1037,1428,1808,2629
2023-12-18,1005,1379,1736,2509
2023-12-19,995,1363,1712,2470
2023-12-20,984,1346,1688,2430
2023-12-21,973,1330,1664,2390
2023-12-22,962,1313,1640,2351
2023-12-25,929,1264,1568,2233
2023-12-26,918,1247,1544,2194
2023-12-27,907,1230,1520,2155
2023-12-28,896,1214,1496,2116
2023-12-29,885,1197,1472,2077
2024-01-01,852,1147,1401,1962
2024-01-02,863,1164,1426,2003
2024-01-03,875,1182,1451,2045
2024-01-04,886,1199,1477,2087
2024-01-05,897,1217,1502,2129
2024-01-08,931,1269,1579,2256
2024-01-09,943,1286,1604,2299
2024-01-10,954,1304,1630,2342
2024-01-11,965,1321,1656,2385
2024-01-12,976,1338,1681,2429
2024-01-15,1009,1390,1759,2560
2024-01-16,1020,1407,1785,2604
2024-01-17,1031,1424,1810,2649
2024-01-18,1042,1441,1836,2693
2024-01-19,1053,1459,1862,2738
2024-01-22,1086,1510,1940,2873
2024-01-23,1097,1527,1966,2918
2024-01-24,1107,1544,1992,2964
2024-01-25,1118,1561,2019,3009
2024-01-26,1129,1578,2045,3055
2024-01-29,1161,1629,2123,3194
2024-01-30,1172,1646,2149,3240
2024-01-31,1182,1663,2176,3287
2024-02-01,1193,1679,2202,3334
2024-02-02,1188,1672,2191,3315
2024-02-05,1174,1650,2158,3260
2024-02-06,1169,1643,2147,3242
2024-02-07,1164,1635,2136,3224
2024-02-08,1160,1628,2125,3205
2024-02-09,1155,1621,2114,3187
2024-02-12,1140,1598,2081,3132
2024-02-13,1136,1591,2070,3113
2024-02-14,1131,1583,2059,3095
2024-02-15,1126,1576,2048,3077
2024-02-16,1121,1569,2037,3058
2024-02-19,1107,1546,2004,3003
2024-02-20,1102,1539,1993,2984
2024-02-21,1097,1531,1982,2966
2024-02-22,1092,1524,1971,2947
2024-02-23,1087,1516,1960,2929
2024-02-26,1073,1494,1927,2874
2024-02-27,1068,1486,1915,2855
2024-02-28,1063,1479,1904,2837
2024-02-29,1058,1471,1893,2818
2024-03-01,1053,1463,1882,2799
2024-03-04,1047,1453,1867,2776
2024-03-05,1044,1450,1862,2768
2024-03-06,1042,1446,1857,2761
2024-03-07,1040,1443,1853,2753
2024-03-08,1038,1439,1848,2745
2024-03-11,1031,1429,1833,2721
2024-03-12,1029,1426,1828,2713
2024-03-13,1026,1422,1823,2705
2024-03-14,1024,1419,1818,2697
2024-03-15,1022,1415,1813,2689
2024-03-18,1015,1405,1798,2665
2024-03-19,1013,1401,1793,2657
2024-03-20,1011,1398,1788,2649
2024-03-21,1008,1394,1782,2641
2024-03-22,1006,1391,1777,2633
2024-03-25,999,1380,1762,2608
2024-03-26,997,1377,1757,2600
2024-03-27,995,1373,1752,2592
2024-03-28,992,1370,1747,2584
2024-03-29,990,1366,1742,2575
2024-04-01,983,1355,1726,2550
2024-04-02,985,1358,1731,2559
2024-04-03,987,1361,1735,2567
2024-04-04,989,1364,1740,2575
2024-04-05,991,1367,1744,2583
2024-04-08,997,1376,1758,2607
2024-04-09,999,1379,1762,2615
2024-04-10,1000,1381,1767,2623
2024-04-11,1002,1384,1771,2631
2024-04-12,1004,1387,1775,2639
2024-04-15,1010,1396,1789,2663
2024-04-16,1012,1399,1793,2671
2024-04-17,1014,1401,1797,2679
2024-04-18,1016,1404,1802,2687
2024-04-19,1017,1407,1806,2695
2024-04-22,1023,1416,1819,2718
2024-04-23,1025,1418,1823,2726
2024-04-24,1027,1421,1828,2734
2024-04-25,1029,1424,1832,2742
2024-04-26,1031,1427,1836,2749
2024-04-29,1036,1435,1849,2772
2024-04-30,1038,1438,1853,2780
2024-05-01,1040,1441,1858,2788
2024-05-02,1039,1439,1855,2784
2024-05-03,1038,1437,1853,2780
2024-05-06,1035,1433,1845,2767
2024-05-07,1034,1431,1843,2763
2024-05-08,1033,1429,1840,2759
2024-05-09,1032,1428,1838,2755
2024-05-10,1031,1426,1835,2750
2024-05-13,1028,1421,1828,2738
2024-05-14,1027,1419,1825,2733
2024-05-15,1026,1418,1822,2729
2024-05-16,1025,1416,1820,2725
2024-05-17,1024,1414,1817,2720
2024-05-20,1022,1410,1810,2707
2024-05-21,1021,1408,1807,2703
2024-05-22,1020,1406,1805,2699
2024-05-23,1019,1405,1802,2694
2024-05-24,1018,1403,1800,2690
2024-05-27,1015,1398,1792,2677
2024-05-28,1014,1397,1790,2672
2024-05-29,1013,1395,1787,2668
2024-05-30,1012,1393,1785,2663
2024-05-31,1011,1392,1782,2659
2024-06-03,1008,1387,1774,2645
2024-06-04,1008,1385,1772,2641
2024-06-05,1007,1384,1769,2636
2024-06-06,1006,1382,1767,2632
2024-06-07,1005,1381,1764,2627
2024-06-10,1002,1376,1757,2614
2024-06-11,1001,1374,1754,2609
2024-06-12,1000,1373,1752,2604
2024-06-13,999,1371,1749,2600
2024-06-14,999,1370,1747,2595
2024-06-17,996,1365,1739,2582
2024-06-18,995,1364,1737,2577
2024-06-19,994,1362,1734,2573
2024-06-20,993,1361,1732,2568
2024-06-21,992,1359,1729,2564
2024-06-24,990,1355,1722,2550
2024-06-25,989,1353,1720,2545
2024-06-26,988,1352,1717,2541
2024-06-27,987,1350,1715,2536
2024-06-28,986,1349,1712,2532
2024-07-01,984,1344,1705,2518
2024-07-02,985,1347,1708,2523
2024-07-03,987,1349,1711,2528
2024-07-04,989,1351,1715,2533
2024-07-05,990,1353,1718,2538
2024-07-08,995,1360,1727,2553
2024-07-09,997,1363,1731,2558
2024-07-10,998,1365,1734,2563
2024-07-11,1000,1367,1737,2568
2024-07-12,1002,1370,1740,2573
2024-07-15,1007,1377,1750,2588
2024-07-16,1008,1379,1753,2593
2024-07-17,1010,1381,1756,2598
2024-07-18,1011,1384,1760,2603
2024-07-19,1013,1386,1763,2608
2024-07-22,1018,1393,1773,2623
2024-07-23,1020,1396,1776,2628
2024-07-24,1021,1398,1779,2633
2024-07-25,1023,1401,1782,2638
2024-07-26,1025,1403,1786,2643
2024-07-29,1030,1410,1796,2658
2024-07-30,1031,1413,1799,2663
2024-07-31,1033,1415,1802,2668
2024-08-01,1035,1418,1806,2674
2024-08-02,1032,1413,1798,2659
2024-08-05,1022,1397,1775,2618
2024-08-06,1019,1392,1767,2604
2024-08-07,1016,1387,1759,2590
2024-08-08,1012,1382,1751,2576
2024-08-09,1009,1377,1744,2562
2024-08-12,1000,1362,1721,2521
2024-08-13,997,1357,1713,2507
2024-08-14,993,1353,1705,2494
2024-08-15,990,1348,1698,2480
2024-08-16,987,1343,1690,2467
2024-08-19,977,1328,1667,2426
2024-08-20,974,1323,1660,2413
2024-08-21,971,1318,1652,2400
2024-08-22,968,1313,1644,2386
2024-08-23,965,1308,1637,2373
2024-08-26,955,1293,1614,2334
2024-08-27,952,1288,1607,2320
2024-08-28,949,1283,1600,2307
2024-08-29,945,1278,1592,2294
2024-08-30,942,1273,1585,2281
2024-09-02,932,1259,1562,2243
2024-09-03,929,1254,1555,2230
2024-09-04,926,1249,1548,2217
2024-09-05,923,1244,1540,2204
2024-09-06,920,1239,1533,2191
2024-09-09,910,1224,1511,2154
2024-09-10,907,1219,1504,2141
2024-09-11,903,1214,1496,2128
2024-09-12,900,1209,1489,2116
2024-09-13,897,1205,1482,2103
2024-09-16,887,1190,1460,2066
2024-09-17,884,1185,1453,2054
2024-09-18,881,1180,1445,2042
2024-09-19,877,1175,1438,2029
2024-09-20,874,1170,1431,2017
2024-09-23,864,1155,1409,1981
2024-09-24,861,1151,1402,1969
2024-09-25,858,1146,1395,1957
2024-09-26,854,1141,1388,1945
2024-09-27,851,1136,1381,1933
2024-09-30,841,1121,1359,1897
2024-10-01,838,1116,1352,1885
2024-10-02,837,1116,1351,1883
2024-10-03,837,1115,1350,1881
2024-10-04,837,1114,1350,1879
2024-10-07,835,1113,1347,1874
2024-10-08,835,1112,1346,1872
2024-10-09,835,1112,1345,1871
2024-10-10,834,1111,1344,1869
2024-10-11,834,1111,1343,1867
2024-10-14,833,1109,1341,1862
2024-10-15,832,1108,1340,1861
2024-10-16,832,1108,1339,1859
2024-10-17,831,1107,1338,1858
2024-10-18,831,1107,1338,1856
2024-10-21,830,1105,1335,1851
2024-10-22,829,1105,1334,1850
2024-10-23,829,1104,1333,1848
2024-10-24,829,1104,1333,1847
2024-10-25,828,1103,1332,1846
2024-10-28,827,1101,1330,1841
2024-10-29,826,1101,1329,1840
2024-10-30,826,1100,1328,1839
2024-10-31,826,1100,1327,1837
2024-11-01,825,1099,1327,1836
2024-11-04,810,1077,1296,1786
2024-11-05,805,1070,1285,1769
2024-11-06,800,1063,1275,1753
2024-11-07,795,1055,1265,1736
2024-11-08,790,1048,1254,1720
2024-11-11,775,1026,1223,1671
2024-11-12,770,1019,1213,1654
2024-11-13,765,1011,1203,1638
2024-11-14,760,1004,1192,1622
2024-11-15,755,996,1182,1606
2024-11-18,740,974,1151,1557
2024-11-19,735,966,1141,1541
2024-11-20,729,959,1131,1525
2024-11-21,724,952,1120,1509
2024-11-22,719,944,1110,1493
2024-11-25,704,922,1079,1445
2024-11-26,698,914,1069,1429
2024-11-27,693,906,1059,1413
2024-11-28,688,899,1048,1398
2024-11-29,683,891,1038,1382
2024-12-02,667,869,1007,1335
2024-12-03,662,861,997,1319
2024-12-04,656,853,987,1303
2024-12-05,651,846,976,1288
2024-12-06,646,838,966,1272
2024-12-09,630,815,935,1226
2024-12-10,624,807,925,1210
2024-12-11,619,800,915,1195
2024-12-12,614,792,905,1180
2024-12-13,608,784,894,1164
2024-12-16,592,761,864,1118
2024-12-17,586,753,853,1103
2024-12-18,581,745,843,1088
2024-12-19,575,738,833,1073
2024-12-20,570,730,823,1058
2024-12-23,553,706,792,1012
2024-12-24,548,698,782,997
2024-12-25,542,690,771,982
2024-12-26,537,683,761,967
2024-12-27,531,675,751,953
2024-12-30,514,651,720,908
2024-12-31,508,643,710,893
2025-01-01,503,635,699,878
2025-01-02,507,641,707,890
2025-01-03,511,646,715,901
2025-01-06,523,664,738,935
2025-01-07,527,670,745,946
2025-01-08,531,675,753,958
2025-01-09,535,681,761,969
2025-01-10,539,687,769,981
2025-01-13,551,704,792,1016
2025-01-14,555,710,799,1028
2025-01-15,559,716,807,1039
2025-01-16,563,722,815,1051
2025-01-17,567,727,823,1063
2025-01-20,578,745,846,1099
2025-01-21,582,750,854,1110
2025-01-22,586,756,861,1122
2025-01-23,590,762,869,1134
2025-01-24,594,767,877,1146
2025-01-27,606,784,900,1183
2025-01-28,609,790,908,1195
2025-01-29,613,796,916,1207
2025-01-30,617,801,924,1219
2025-01-31,621,807,932,1231
2025-02-03,632,824,955,1268
2025-02-04,636,830,963,1281
2025-02-05,640,835,971,1293
2025-02-06,644,841,978,1305
2025-02-07,647,847,986,1318
2025-02-10,659,863,1010,1355
2025-02-11,662,869,1018,1368
2025-02-12,666,874,1025,1380
2025-02-13,670,880,1033,1393
2025-02-14,674,886,1041,1405
2025-02-17,685,902,1064,1443
2025-02-18,688,908,1072,1456
2025-02-19,692,913,1080,1468
2025-02-20,696,919,1088,1481
2025-02-21,699,924,1096,1494
2025-02-24,710,941,1119,1532
2025-02-25,714,946,1127,1545
2025-02-26,718,952,1135,1557
2025-02-27,721,957,1143,1570
2025-02-28,725,963,1150,1583
2025-03-03,736,979,1174,1621
2025-03-04,739,984,1182,1634
2025-03-05,743,990,1189,1647
2025-03-06,747,995,1197,1660
2025-03-07,750,1000,1205,1673
2025-03-10,761,1017,1228,1712
2025-03-11,765,1022,1236,1725
2025-03-12,768,1027,1244,1738
2025-03-13,772,1033,1252,1751
2025-03-14,775,1038,1259,1764
2025-03-17,786,1054,1283,1803
2025-03-18,789,1059,1290,1816
2025-03-19,793,1065,1298,1829
2025-03-20,796,1070,1306,1842
2025-03-21,800,1075,1314,1855
2025-03-24,810,1091,1337,1894
2025-03-25,814,1096,1344,1907
2025-03-26,817,1101,1352,1920
2025-03-27,821,1107,1360,1933
2025-03-28,824,1112,1368,1946
2025-03-31,835,1127,1391,1985
2025-04-01,838,1133,1398,1998
2025-04-02,838,1133,1399,2000
2025-04-03,839,1134,1400,2002
2025-04-04,839,1134,1401,2004
2025-04-07,840,1136,1404,2009
2025-04-08,841,1137,1405,2011
2025-04-09,841,1137,1405,2013
2025-04-10,841,1138,1406,2015
2025-04-11,842,1138,1407,2016
2025-04-14,843,1140,1410,2022
2025-04-15,843,1140,1411,2023
2025-04-16,844,1141,1411,2025
2025-04-17,844,1141,1412,2027
2025-04-18,844,1142,1413,2028
2025-04-21,846,1143,1416,2033
2025-04-22,846,1144,1416,2035
2025-04-23,846,1144,1417,2036
2025-04-24,847,1145,1418,2038
2025-04-25,847,1145,1419,2039
2025-04-28,848,1147,1421,2044
2025-04-29,849,1147,1422,2045
2025-04-30,849,1148,1423,2047
2025-05-01,850,1148,1423,2048
2025-05-02,854,1155,1433,2065
2025-05-05,868,1176,1463,2115
2025-05-06,872,1183,1473,2132
2025-05-07,877,1189,1483,2149
2025-05-08,881,1196,1493,2166
2025-05-09,886,1203,1503,2183
2025-05-12,900,1223,1533,2233
2025-05-13,904,1230,1543,2250
2025-05-14,909,1237,1553,2267
2025-05-15,913,1244,1563,2284
2025-05-16,918,1250,1573,2301
2025-05-19,931,1271,1602,2351
2025-05-20,936,1277,1612,2368
2025-05-21,940,1284,1622,2385
2025-05-22,944,1291,1632,2402
2025-05-23,949,1297,1642,2419
2025-05-26,962,1317,1671,2469
2025-05-27,967,1324,1681,2486
2025-05-28,971,1331,1691,2503
2025-05-29,976,1338,1701,2520
2025-05-30,980,1344,1711,2537
2025-06-02,993,1364,1741,2587
2025-06-03,998,1371,1750,2604
2025-06-04,1002,1378,1760,2621
2025-06-05,1007,1384,1770,2637
2025-06-06,1011,1391,1780,2654
2025-06-09,1024,1411,1809,2705
2025-06-10,1029,1417,1819,2722
2025-06-11,1033,1424,1829,2738
2025-06-12,1038,1431,1839,2755
2025-06-13,1042,1437,1849,2772
2025-06-16,1055,1457,1878,2822
2025-06-17,1060,1464,1888,2839
2025-06-18,1064,1471,1898,2856
2025-06-19,1068,1477,1908,2873
2025-06-20,1073,1484,1918,2890
2025-06-23,1086,1504,1947,2940
2025-06-24,1090,1510,1957,2957
2025-06-25,1095,1517,1967,2974
2025-06-26,1099,1524,1977,2990
2025-06-27,1104,1530,1986,3007
2025-06-30,1117,1550,2016,3058
2025-07-01,1121,1557,2026,3075
2025-07-02,1121,1557,2026,3074
2025-07-03,1122,1557,2026,3074
2025-07-04,1122,1558,2026,3074
2025-07-07,1123,1559,2027,3073
2025-07-08,1123,1559,2027,3073
2025-07-09,1124,1559,2027,3073
2025-07-10,1124,1560,2027,3073
2025-07-11,1124,1560,2028,3072
2025-07-14,1125,1561,2028,3072
2025-07-15,1126,1561,2029,3071
2025-07-16,1126,1562,2029,3071
2025-07-17,1127,1562,2029,3071
2025-07-18,1127,1562,2029,3071
2025-07-21,1128,1564,2030,3070
2025-07-22,1128,1564,2031,3070
2025-07-23,1129,1564,2031,3070
2025-07-24,1129,1565,2031,3070
2025-07-25,1130,1565,2031,3070
2025-07-28,1131,1567,2032,3069
2025-07-29,1131,1567,2033,3069
2025-07-30,1132,1568,2033,3069
2025-07-31,1132,1568,2034,3069
2025-08-01,1132,1569,2034,3069
2025-08-04,1137,1576,2044,3085
2025-08-05,1139,1579,2048,3090
2025-08-06,1141,1581,2051,3096
2025-08-07,1143,1584,2055,3101
2025-08-08,1144,1586,2058,3106
2025-08-11,1149,1594,2069,3122
2025-08-12,1151,1596,2073,3128
2025-08-13,1153,1599,2076,3133
2025-08-14,1155,1601,2080,3139
2025-08-15,1156,1604,2083,3144
2025-08-18,1162,1612,2094,3161
2025-08-19,1163,1614,2098,3166
2025-08-20,1165,1617,2101,3172
2025-08-21,1167,1620,2105,3177
2025-08-22,1169,1622,2109,3183
2025-08-25,1174,1630,2120,3200
2025-08-26,1176,1633,2123,3205
2025-08-27,1177,1636,2127,3211
2025-08-28,1179,1638,2131,3217
2025-08-29,1181,1641,2135,3223
2025-09-01,1186,1649,2146,3240
2025-09-02,1184,1645,2140,3229
2025-09-03,1181,1641,2134,3217
2025-09-04,1179,1638,2128,3206
2025-09-05,1177,1634,2122,3194
2025-09-08,1170,1623,2104,3161
2025-09-09,1167,1619,2098,3149
2025-09-10,1165,1615,2092,3138
2025-09-11,1162,1611,2086,3127
2025-09-12,1160,1608,2080,3116
2025-09-15,1153,1596,2062,3083
2025-09-16,1150,1593,2056,3072
2025-09-17,1148,1589,2050,3061
2025-09-18,1146,1585,2044,3050
2025-09-19,1143,1582,2039,3040
2025-09-22,1136,1570,2021,3007
2025-09-23,1134,1567,2015,2997
2025-09-24,1131,1563,2009,2986
2025-09-25,1129,1559,2004,2975
2025-09-26,1127,1556,1998,2965
2025-09-29,1119,1545,1981,2933
2025-09-30,1117,1541,1975,2923
2025-10-01,1115,1537,1969,2913
2025-10-02,1114,1536,1968,2910
2025-10-03,1114,1536,1967,2907
2025-10-06,1112,1534,1963,2899
2025-10-07,1112,1533,1962,2897
2025-10-08,1111,1532,1961,2894
2025-10-09,1111,1532,1959,2892
2025-10-10,1110,1531,1958,2889
2025-10-13,1109,1529,1955,2882
2025-10-14,1108,1528,1954,2880
2025-10-15,1108,1527,1953,2877
2025-10-16,1107,1527,1951,2875
2025-10-17,1107,1526,1950,2873
2025-10-20,1105,1524,1947,2866
2025-10-21,1105,1523,1946,2864
2025-10-22,1104,1523,1945,2862
2025-10-23,1104,1522,1944,2860
2025-10-24,1103,1521,1943,2857
2025-10-27,1102,1519,1940,2851
2025-10-28,1101,1519,1939,2849
2025-10-29,1101,1518,1938,2847
2025-10-30,1100,1517,1937,2845
2025-10-31,1100,1517,1936,2843
2025-11-03,1098,1515,1933,2838
2025-11-04,1098,1514,1932,2836
2025-11-05,1097,1513,1931,2834
2025-11-06,1096,1513,1930,2832
2025-11-07,1096,1512,1929,2830
2025-11-10,1094,1510,1926,2825
2025-11-11,1094,1509,1925,2823
2025-11-12,1093,1509,1924,2821
2025-11-13,1093,1508,1923,2820
2025-11-14,1092,1507,1922,2818
2025-11-17,1091,1505,1919,2813
2025-11-18,1090,1505,1918,2811
2025-11-19,1089,1504,1917,2810
2025-11-20,1089,1503,1916,2808
2025-11-21,1088,1502,1915,2807
2025-11-24,1087,1500,1912,2802
2025-11-25,1086,1500,1911,2800
2025-11-26,1086,1499,1910,2799
2025-11-27,1085,1498,1909,2797
2025-11-28,1084,1497,1909,2796
2025-12-01,1083,1495,1906,2792
2025-12-02,1087,1502,1916,2809
2025-12-03,1091,1509,1926,2827
2025-12-04,1095,1516,1936,2844
2025-12-05,1100,1522,1947,2862
2025-12-08,1112,1542,1978,2915
2025-12-09,1116,1549,1988,2933
2025-12-10,1121,1556,1998,2951
2025-12-11,1125,1563,2009,2969
2025-12-12,1129,1569,2019,2987
2025-12-15,1141,1589,2050,3041
2025-12-16,1146,1596,2060,3059
2025-12-17,1150,1603,2071,3078
2025-12-18,1154,1610,2081,3096
2025-12-19,1158,1616,2092,3114
2025-12-22,1170,1636,2123,3169
2025-12-23,1174,1643,2133,3188
2025-12-24,1179,1650,2144,3206
2025-12-25,1183,1656,2154,3225
2025-12-26,1187,1663,2164,3243
2025-12-29,1199,1683,2196,3299
2025-12-30,1203,1689,2206,3318
2025-12-31,1207,1696,2217,3337
2026-01-01,1211,1703,2227,3356
2026-01-02,1214,1707,2235,3369
2026-01-05,1222,1721,2257,3410
2026-01-06,1225,1726,2264,3423
2026-01-07,1228,1730,2271,3437
2026-01-08,1231,1735,2279,3450
2026-01-09,1233,1739,2286,3464
2026-01-12,1241,1753,2308,3504
2026-01-13,1244,1757,2315,3518
2026-01-14,1247,1762,2323,3532
2026-01-15,1250,1766,2330,3545
2026-01-16,1252,1771,2337,3559
2026-01-19,1260,1784,2359,3600
2026-01-20,1263,1789,2366,3613
2026-01-21,1266,1793,2374,3627
2026-01-22,1268,1797,2381,3641
2026-01-23,1271,1802,2388,3655
2026-01-26,1279,1815,2410,3696
2026-01-27,1282,1820,2417,3709
2026-01-28,1284,1824,2425,3723
2026-01-29,1287,1828,2432,3737
2026-01-30,1290,1833,2439,3751
2026-02-02,1297,1846,2461,3792
2026-02-03,1300,1850,2468,3806
2026-02-04,1303,1854,2475,3819
2026-02-05,1305,1859,2482,3833
2026-02-06,1308,1863,2489,3847
2026-02-09,1316,1876,2511,3888
2026-02-10,1318,1880,2518,3902
2026-02-11,1321,1884,2525,3915
2026-02-12,1323,1889,2532,3929
2026-02-13,1326,1893,2539,3943
2026-02-16,1334,1906,2560,3984
2026-02-17,1336,1910,2567,3997
2026-02-18,1339,1914,2574,4011
2026-02-19,1341,1918,2581,4025
2026-02-20,1344,1922,2588,4038
2026-02-23,1351,1935,2609,4079
2026-02-24,1354,1939,2616,4093
2026-02-25,1356,1943,2623,4106
2026-02-26,1359,1947,2630,4120
2026-02-27,1361,1951,2637,4134
2026-03-02,1369,1964,2658,4174
2026-03-03,1371,1968,2665,4188
2026-03-04,1374,1972,2671,4201
2026-03-05,1376,1976,2678,4214
2026-03-06,1379,1980,2685,4228
2026-03-09,1386,1992,2705,4268
2026-03-10,1388,1996,2712,4281
2026-03-11,1391,2000,2719,4295
2026-03-12,1393,2004,2726,4308
2026-03-13,1396,2008,2732,4321
2026-03-16,1403,2020,2752,4361
2026-03-17,1406,2024,2759,4374
2026-03-18,1408,2028,2766,4387
2026-03-19,1410,2032,2772,4400
2026-03-20,1413,2036,2779,4413
2026-03-23,1420,2047,2799,4453
2026-03-24,1422,2051,2805,4466
2026-03-25,1425,2055,2812,4479
2026-03-26,1427,2059,2818,4491
2026-03-27,1430,2063,2825,4504
2026-03-30,1437,2074,2844,4543
2026-03-31,1439,2078,2851,4556
2026-04-01,1442,2082,2857,4568
2026-04-02,1449,2094,2877,4606
2026-04-03,1457,2107,2897,4645
2026-04-06,1480,2143,2958,4759
2026-04-07,1487,2156,2978,4798
2026-04-08,1495,2168,2998,4836
2026-04-09,1502,2180,3018,4874
2026-04-10,1510,2192,3038,4912
2026-04-13,1532,2229,3098,5027
2026-04-14,1540,2241,3118,5066
2026-04-15,1547,2253,3138,5104
2026-04-16,1555,2265,3158,5142
2026-04-17,1562,2277,3178,5181
2026-04-20,1585,2313,3238,5296
2026-04-21,1592,2325,3257,5334
2026-04-22,1600,2337,3277,5373
2026-04-23,1607,2349,3297,5411
2026-04-24,1614,2361,3317,5450
2026-04-27,1637,2397,3377,5565
2026-04-28,1644,2409,3396,5603
2026-04-29,1651,2421,3416,5641
2026-04-30,1659,2433,3436,5680
2026-05-01,1666,2445,3456,5718
2026-05-04,1636,2394,3372,5559
2026-05-05,1625,2377,3344,5506
2026-05-06,1615,2360,3316,5454
2026-05-07,1605,2343,3288,5401
2026-05-08,1595,2327,3260,5348
2026-05-11,1564,2276,3177,5191
2026-05-12,1554,2259,3149,5139
2026-05-13,1544,2242,3121,5087
2026-05-14,1533,2225,3094,5035
2026-05-15,1523,2208,3066,4983
2026-05-18,1492,2157,2983,4828
2026-05-19,1482,2141,2956,4776
2026-05-20,1472,2124,2928,4725
2026-05-21,1461,2107,2901,4674
2026-05-22,1451,2090,2873,4623
2026-05-25,1420,2039,2791,4470
2026-05-26,1410,2022,2764,4419
2026-05-27,1399,2005,2737,4369
2026-05-28,1389,1988,2709,4318
2026-05-29,1379,1971,2682,4268
2026-06-01,1347,1921,2601,4118
2026-06-02,1351,1926,2608,4132
2026-06-03,1354,1931,2616,4146
2026-06-04,1357,1936,2624,4160
2026-06-05,1360,1941,2632,4174
2026-06-08,1370,1956,2655,4216
2026-06-09,1374,1961,2663,4230
2026-06-10,1377,1966,2670,4244
2026-06-11,1380,1971,2678,4257
2026-06-12,1383,1976,2686,4271
2026-06-15,1393,1991,2709,4313
2026-06-16,1397,1996,2717,4326
2026-06-17,1400,2001,2724,4340
2026-06-18,1403,2006,2732,4354
2026-06-19,1406,2011,2740,4368
2026-06-22,1416,2026,2763,4409
2026-06-23,1420,2031,2771,4423
2026-06-24,1423,2036,2778,4436
2026-06-25,1426,2041,2786,4450
2026-06-26,1430,2046,2794,4464
2026-06-29,1439,2061,2817,4505
2026-06-30,1443,2066,2825,4518
2026-07-01,1446,2071,2833,4532
2026-07-02,1446,2071,2832,4530
2026-07-03,1446,2071,2831,4527
2026-07-06,1446,2070,2828,4520
2026-07-07,1446,2070,2828,4518
2026-07-08,1446,2069,2827,4516
2026-07-09,1446,2069,2826,4513
2026-07-10,1446,2069,2825,4511
2026-07-13,1446,2068,2823,4504
2026-07-14,1446,2068,2822,4502
2026-07-15,1446,2068,2821,4499
2026-07-16,1446,2068,2821,4497
2026-07-17,1446,2068,2820,4495
2026-07-20,1447,2067,2818,4488
2026-07-21,1447,2067,2817,4486
2026-07-22,1447,2067,2817,4484
2026-07-23,1447,2067,2816,4482
2026-07-24,1447,2067,2815,4479
2026-07-27,1447,2066,2813,4473
2026-07-28,1447,2066,2813,4471
2026-07-29,1447,2066,2812,4469
2026-07-30,1447,2066,2812,4467
2026-07-31,1447,2066,2811,4465
