vessel_id,imo_like_id,vessel_class,dwt,loa_m,beam_m,draft_m,service_speed_knots,fuel_consumption_laden_mt_day,build_year,age_years,flag_state
VSL-0001,9416571,Supramax,54126,190.2,34.9,12.84,13.1,26.4,2025,1,Liberia
VSL-0002,9942605,Panamax,97564,228.7,33.4,12.98,12.5,31.8,2014,12,Singapore
VSL-0003,9367389,Supramax,59365,180.8,32.9,13.11,12.9,29.4,2006,20,Liberia
VSL-0004,9185673,Supramax,54977,193.1,33.5,11.58,12.1,26.3,2018,8,Panama
VSL-0005,9721851,Handysize,22014,173.7,25.4,10.33,13.9,9.7,2025,1,Panama
VSL-0006,9705136,Supramax,59238,192.3,32.8,13.73,13.1,28.6,2019,7,Singapore
VSL-0007,9425259,Panamax,91333,231.2,32.3,13.21,13.8,30.7,2007,19,Singapore
VSL-0008,9457354,Panamax,72633,226.1,33.2,13.56,12.8,31.3,2018,8,Marshall Islands
VSL-0009,9187657,Panamax,73942,233.2,33.7,14.48,13.7,33.6,2013,13,Liberia
VSL-0010,9337449,Panamax,94475,227.1,32.4,13.15,12.5,34.4,2013,13,Marshall Islands
VSL-0011,9467147,Capesize,160125,328.5,46.2,17.43,14.0,32.5,2020,6,Panama
VSL-0012,9680458,Supramax,60037,198.5,33.7,11.4,12.8,26.5,2015,11,Hong Kong
VSL-0013,9101841,Handysize,17125,170.4,25.0,9.49,12.7,11.8,2015,11,Panama
VSL-0014,9330056,Handysize,34511,189.9,25.0,11.0,13.2,10.9,2020,6,Marshall Islands
VSL-0015,9579813,Panamax,80628,233.9,34.0,13.96,13.1,31.7,2021,5,Marshall Islands
VSL-0016,9837704,Capesize,112182,271.5,46.1,16.36,13.8,38.5,2016,10,Liberia
VSL-0017,9875182,Panamax,65398,238.2,33.8,12.57,13.7,34.2,2015,11,Malta
VSL-0018,9822061,Capesize,130655,287.0,43.4,17.5,12.7,40.0,2023,3,Singapore
VSL-0019,9146338,Handysize,39824,173.9,29.2,9.54,13.8,10.4,2023,3,Singapore
VSL-0020,9956907,Handysize,33130,154.6,29.6,9.7,12.7,11.9,2012,14,Malta
VSL-0021,9258782,Supramax,57504,188.5,32.4,11.51,13.7,27.3,2013,13,Marshall Islands
VSL-0022,9854244,Supramax,47342,195.8,34.1,12.79,13.6,25.6,2011,15,Liberia
VSL-0023,9237890,Handysize,17837,170.9,25.5,10.14,13.5,12.2,2015,11,Panama
VSL-0024,9585917,Supramax,56741,194.6,34.5,12.3,13.0,27.8,2018,8,Singapore
VSL-0025,9696543,Panamax,76819,237.7,32.8,13.8,13.5,33.0,2016,10,Panama
VSL-0026,9614712,Handysize,16253,180.6,25.9,8.72,13.4,9.8,2017,9,India
VSL-0027,9263230,Supramax,43484,184.3,32.8,12.52,13.3,29.8,2020,6,Hong Kong
VSL-0028,9633678,Handysize,17096,154.0,25.8,9.12,13.6,8.2,2025,1,Panama
VSL-0029,9174641,Capesize,141457,306.8,47.4,17.23,13.1,36.2,2022,4,Marshall Islands
VSL-0030,9962621,Panamax,97116,227.5,32.8,14.48,12.0,34.2,2007,19,Liberia
VSL-0031,9927229,Panamax,73947,236.6,34.5,13.81,13.0,31.5,2022,4,Malta
VSL-0032,9840271,Supramax,44620,193.5,32.3,12.76,13.1,29.9,2016,10,India
VSL-0033,9347817,Supramax,51744,199.7,34.5,11.27,13.4,28.9,2016,10,Malta
VSL-0034,9458371,Capesize,215365,280.1,49.5,16.06,13.4,42.8,2022,4,Hong Kong
VSL-0035,9787647,Capesize,180362,315.6,47.1,16.29,14.0,40.3,2020,6,Malta
VSL-0036,9408647,Handysize,32134,158.6,28.3,9.85,13.8,12.4,2012,14,Singapore
VSL-0037,9740510,Handysize,15729,171.3,23.1,9.49,12.7,9.6,2013,13,Malta
VSL-0038,9185686,Panamax,80373,233.6,34.5,12.76,13.6,30.5,2020,6,Marshall Islands
VSL-0039,9882678,Handysize,37865,161.7,23.5,9.87,13.3,9.0,2024,2,Malta
VSL-0040,9716477,Supramax,54192,193.5,33.2,11.57,12.9,27.3,2009,17,Malta
VSL-0041,9678403,Capesize,214804,337.4,46.2,16.42,13.1,35.0,2005,21,Liberia
VSL-0042,9311449,Panamax,85722,229.7,36.0,12.89,14.0,31.2,2017,9,Singapore
VSL-0043,9154454,Panamax,75980,225.3,33.7,14.44,12.1,31.8,2007,19,Liberia
VSL-0044,9260295,Handysize,33946,177.0,29.3,10.89,12.9,8.6,2018,8,Liberia
VSL-0045,9748125,Panamax,80753,233.1,36.0,13.92,12.5,34.9,2025,1,Marshall Islands
VSL-0046,9261661,Supramax,58167,189.4,33.4,12.11,13.0,29.9,2020,6,Singapore
VSL-0047,9219284,Capesize,101587,283.3,49.2,17.84,12.7,33.2,2016,10,Hong Kong
VSL-0048,9187399,Handysize,28598,157.1,27.1,10.27,12.6,12.4,2021,5,Panama
VSL-0049,9452566,Handysize,15509,188.6,26.7,10.42,13.6,11.3,2010,16,Singapore
VSL-0050,9967860,Supramax,59847,187.0,32.9,13.2,12.6,29.0,2012,14,Malta
VSL-0051,9293583,Handysize,20367,164.4,23.1,8.32,12.6,11.3,2006,20,Singapore
VSL-0052,9515547,Panamax,92655,229.8,34.5,14.17,12.2,33.2,2018,8,Panama
VSL-0053,9692070,Supramax,52265,188.4,34.2,11.99,12.5,27.6,2013,13,Singapore
VSL-0054,9303887,Handysize,24577,160.1,23.0,8.93,12.5,12.4,2022,4,Singapore
VSL-0055,9224918,Capesize,110261,270.1,48.5,16.48,12.3,44.2,2010,16,Malta
VSL-0056,9693498,Supramax,44675,193.3,35.0,11.23,12.0,25.1,2011,15,Hong Kong
VSL-0057,9287024,Supramax,64348,198.2,32.4,13.93,13.8,27.2,2024,2,Hong Kong
VSL-0058,9893675,Supramax,44266,197.6,32.2,13.57,12.1,28.7,2017,9,Marshall Islands
VSL-0059,9145523,Capesize,174867,279.4,46.3,16.61,14.0,30.6,2016,10,Hong Kong
VSL-0060,9315181,Handysize,17307,156.0,28.3,9.75,12.8,11.7,2011,15,Marshall Islands
VSL-0061,9514756,Supramax,55154,182.5,34.8,12.0,12.2,26.0,2007,19,Hong Kong
VSL-0062,9288942,Supramax,43899,194.3,34.3,12.56,12.7,28.6,2020,6,Liberia
VSL-0063,9785665,Handysize,25250,187.5,24.6,8.59,12.4,12.2,2005,21,Liberia
VSL-0064,9599821,Panamax,80698,236.5,35.2,14.17,13.1,34.1,2023,3,Hong Kong
VSL-0065,9183965,Supramax,60906,185.5,32.2,12.37,13.1,26.0,2016,10,Malta
VSL-0066,9877431,Supramax,63191,183.9,32.6,11.98,13.7,28.6,2012,14,Marshall Islands
VSL-0067,9816168,Supramax,58270,188.7,32.8,11.47,13.9,28.3,2024,2,Marshall Islands
VSL-0068,9623690,Panamax,72732,234.0,34.3,14.32,13.8,34.9,2006,20,Liberia
VSL-0069,9583583,Panamax,69993,235.2,35.6,12.05,13.4,33.1,2023,3,Malta
VSL-0070,9801054,Supramax,48986,191.4,34.2,12.61,13.7,26.8,2022,4,Liberia
VSL-0071,9857827,Supramax,48937,190.7,34.5,13.26,13.1,28.2,2005,21,India
VSL-0072,9984881,Capesize,202942,332.6,44.6,17.04,13.2,41.6,2022,4,Panama
VSL-0073,9296224,Supramax,46688,199.2,32.9,12.85,13.3,25.6,2018,8,Malta
VSL-0074,9919863,Supramax,42066,181.1,33.1,13.87,13.9,27.1,2013,13,Hong Kong
VSL-0075,9820607,Panamax,87745,230.3,35.7,12.42,12.4,32.2,2022,4,Panama
VSL-0076,9901839,Handysize,20009,168.4,25.9,9.68,13.6,10.1,2013,13,Singapore
VSL-0077,9745500,Supramax,57916,186.7,33.8,12.11,14.0,25.2,2013,13,Marshall Islands
VSL-0078,9320934,Panamax,95670,239.6,34.3,13.23,13.8,33.3,2014,12,Marshall Islands
VSL-0079,9614618,Capesize,145156,299.1,48.7,16.19,14.0,39.6,2018,8,Singapore
VSL-0080,9486856,Supramax,60389,197.9,34.6,12.97,12.2,27.3,2021,5,Malta
VSL-0081,9211106,Supramax,57960,185.8,33.7,13.66,13.2,28.8,2024,2,Liberia
VSL-0082,9374484,Panamax,92649,238.8,34.4,12.99,13.8,34.5,2008,18,Liberia
VSL-0083,9898606,Panamax,71346,233.9,32.9,12.7,12.4,32.8,2007,19,Hong Kong
VSL-0084,9590035,Handysize,32608,183.2,29.1,8.14,12.4,9.7,2025,1,Singapore
VSL-0085,9397150,Supramax,64032,193.6,32.8,13.94,13.6,28.9,2022,4,Marshall Islands
VSL-0086,9538149,Panamax,67636,237.0,35.9,13.81,13.1,34.7,2024,2,Singapore
VSL-0087,9968206,Panamax,98469,229.6,35.6,12.92,13.3,33.8,2013,13,Hong Kong
VSL-0088,9685238,Supramax,52364,196.5,34.8,11.03,13.1,26.4,2019,7,Singapore
VSL-0089,9823834,Handysize,16105,155.2,29.1,8.9,12.9,8.2,2020,6,Singapore
VSL-0090,9890416,Capesize,133165,276.2,47.8,17.07,12.3,31.8,2014,12,Malta
VSL-0091,9948824,Supramax,41905,180.0,34.9,12.94,12.5,29.1,2007,19,Malta
VSL-0092,9745107,Handysize,35755,189.7,26.0,10.25,13.1,11.5,2018,8,Malta
VSL-0093,9261795,Panamax,73015,234.1,33.6,12.46,13.8,34.9,2025,1,Panama
VSL-0094,9917812,Capesize,132789,321.9,45.0,17.2,13.3,38.3,2005,21,India
VSL-0095,9531019,Handysize,21770,161.0,23.7,9.98,12.2,11.9,2015,11,India
VSL-0096,9614503,Handysize,17188,168.3,27.8,10.8,12.3,12.3,2011,15,Singapore
VSL-0097,9306429,Handysize,29795,174.3,27.2,8.12,12.6,10.8,2024,2,Singapore
VSL-0098,9916697,Supramax,64917,181.7,33.3,12.42,12.6,27.8,2021,5,Liberia
VSL-0099,9290480,Supramax,58512,192.5,32.4,11.27,13.1,28.9,2014,12,Malta
VSL-0100,9213685,Capesize,126270,295.7,45.3,17.57,12.7,42.7,2015,11,Marshall Islands
VSL-0101,9790224,Handysize,36459,155.7,28.1,9.18,12.1,12.0,2005,21,Singapore
VSL-0102,9614203,Handysize,15696,185.3,24.5,9.72,12.3,12.7,2010,16,Hong Kong
VSL-0103,9127758,Capesize,161337,323.6,48.4,16.84,13.9,36.0,2014,12,Marshall Islands
VSL-0104,9404473,Handysize,33741,154.3,23.4,9.87,12.4,8.5,2020,6,India
VSL-0105,9103976,Panamax,73524,233.1,32.4,13.66,12.3,30.7,2011,15,Hong Kong
VSL-0106,9772917,Supramax,54060,193.4,32.6,12.63,12.2,26.2,2016,10,Liberia
VSL-0107,9482026,Handysize,28410,184.3,26.9,8.48,12.7,10.1,2015,11,Marshall Islands
VSL-0108,9223984,Panamax,95015,234.7,35.6,13.5,12.3,34.8,2010,16,Singapore
VSL-0109,9544346,Supramax,50539,188.0,33.5,11.56,12.3,28.4,2016,10,Panama
VSL-0110,9834756,Handysize,32435,161.4,26.9,10.73,13.9,10.3,2021,5,Marshall Islands
VSL-0111,9504754,Supramax,54645,183.0,32.5,11.66,13.5,27.2,2008,18,Panama
VSL-0112,9564274,Handysize,26474,160.4,25.1,8.7,13.3,9.9,2024,2,Liberia
VSL-0113,9377169,Supramax,50135,192.9,34.9,12.27,12.5,26.0,2010,16,Liberia
VSL-0114,9632212,Panamax,81635,227.5,34.9,12.65,12.2,31.1,2021,5,Hong Kong
VSL-0115,9651334,Supramax,59433,191.4,33.1,11.57,13.7,25.9,2006,20,Malta
VSL-0116,9188530,Panamax,98504,238.6,33.7,14.34,12.8,30.6,2015,11,Malta
VSL-0117,9336600,Panamax,83143,238.6,34.2,13.98,13.9,35.0,2024,2,India
VSL-0118,9665650,Supramax,50339,196.5,34.3,13.58,13.2,28.2,2025,1,Panama
VSL-0119,9427916,Capesize,165026,271.3,43.2,16.67,12.0,30.7,2025,1,Panama
VSL-0120,9633695,Supramax,60623,199.6,34.2,12.68,13.3,27.6,2005,21,India
VSL-0121,9950768,Supramax,41513,185.7,32.4,11.9,13.2,27.3,2024,2,Singapore
VSL-0122,9205572,Handysize,35294,178.8,28.6,10.62,13.4,11.7,2025,1,Panama
VSL-0123,9163499,Supramax,51132,180.9,33.4,13.67,13.3,25.8,2007,19,Hong Kong
VSL-0124,9281783,Handysize,15028,166.9,27.3,10.6,12.3,12.1,2015,11,Singapore
VSL-0125,9444300,Supramax,42581,188.3,32.6,13.19,13.6,28.0,2005,21,Liberia
VSL-0126,9149417,Capesize,219358,303.8,49.8,16.46,12.1,44.0,2008,18,Malta
VSL-0127,9712159,Handysize,15376,180.3,24.6,8.75,12.4,8.2,2005,21,Malta
VSL-0128,9321120,Supramax,51402,199.5,32.6,11.4,13.3,25.7,2017,9,Malta
VSL-0129,9325812,Supramax,49883,191.2,33.1,12.31,13.1,27.2,2011,15,Liberia
VSL-0130,9960061,Handysize,28558,150.7,24.0,10.07,12.1,11.4,2011,15,Liberia
VSL-0131,9979188,Handysize,23819,175.7,27.2,8.6,13.1,9.6,2008,18,Marshall Islands
VSL-0132,9581636,Handysize,30892,188.8,23.1,8.51,13.4,8.5,2018,8,India
VSL-0133,9182781,Supramax,53319,199.1,33.8,11.74,12.1,25.7,2012,14,Hong Kong
VSL-0134,9161716,Panamax,90325,238.5,34.7,12.9,12.9,33.7,2013,13,Malta
VSL-0135,9761599,Panamax,79367,234.5,34.0,13.62,12.1,32.4,2018,8,Malta
VSL-0136,9176205,Capesize,196253,272.0,47.6,17.12,13.6,37.5,2006,20,India
VSL-0137,9739013,Handysize,26005,163.3,28.9,9.62,13.4,8.5,2005,21,Liberia
VSL-0138,9993354,Panamax,65577,225.9,35.1,12.25,13.2,34.3,2017,9,Liberia
VSL-0139,9891340,Panamax,80235,230.0,34.1,12.25,13.7,34.8,2006,20,Liberia
VSL-0140,9323287,Supramax,43308,193.6,35.0,11.48,13.5,27.0,2018,8,India
VSL-0141,9183717,Handysize,26457,175.6,29.5,10.69,13.4,9.5,2022,4,India
VSL-0142,9253486,Handysize,20657,176.3,24.5,10.84,12.8,11.0,2023,3,Hong Kong
VSL-0143,9217542,Panamax,92977,235.1,34.4,12.38,13.4,34.1,2012,14,Panama
VSL-0144,9969804,Handysize,15609,168.6,29.0,8.16,13.8,8.9,2018,8,Liberia
VSL-0145,9649399,Handysize,24199,159.4,28.1,8.49,13.9,8.9,2020,6,India
VSL-0146,9711464,Panamax,75799,231.9,34.0,14.25,13.1,30.7,2024,2,Singapore
VSL-0147,9514370,Supramax,57252,186.8,33.4,11.59,12.2,26.7,2017,9,Hong Kong
VSL-0148,9498263,Handysize,34944,160.0,29.8,9.71,13.4,12.2,2011,15,Singapore
VSL-0149,9699233,Panamax,78525,238.4,36.0,13.46,12.2,33.8,2010,16,Singapore
VSL-0150,9131761,Handysize,36962,155.3,29.8,10.77,13.1,8.2,2011,15,Marshall Islands
VSL-0151,9158745,Handysize,23126,180.8,29.8,9.89,13.4,12.7,2012,14,Liberia
VSL-0152,9249938,Handysize,19949,171.8,27.9,10.64,13.5,11.4,2020,6,India
VSL-0153,9730045,Handysize,17466,179.6,26.6,9.7,13.9,8.6,2021,5,India
VSL-0154,9269835,Capesize,145875,323.1,49.3,16.75,12.0,36.8,2019,7,Liberia
VSL-0155,9583419,Handysize,37047,177.9,23.4,8.88,12.3,11.4,2019,7,Liberia
VSL-0156,9777176,Handysize,24064,154.9,24.8,9.1,12.2,11.8,2016,10,Hong Kong
VSL-0157,9111762,Supramax,62449,198.4,33.5,11.07,13.7,27.7,2005,21,Marshall Islands
VSL-0158,9220645,Panamax,83600,239.0,33.4,12.93,13.2,31.3,2007,19,Hong Kong
VSL-0159,9234258,Panamax,86299,232.4,32.4,12.95,13.9,34.8,2020,6,Panama
VSL-0160,9103694,Panamax,95730,232.3,33.3,13.15,12.2,33.4,2006,20,India
VSL-0161,9489020,Panamax,99352,225.3,33.1,12.18,12.6,34.2,2017,9,India
VSL-0162,9765392,Panamax,74858,225.9,35.2,13.56,12.2,31.7,2017,9,Singapore
VSL-0163,9513699,Supramax,63369,183.8,32.7,11.27,13.3,28.5,2016,10,Marshall Islands
VSL-0164,9883840,Panamax,82767,234.9,33.5,13.97,12.3,31.1,2023,3,Panama
VSL-0165,9742883,Capesize,106800,307.5,47.4,16.71,13.2,42.4,2013,13,Singapore
VSL-0166,9600288,Capesize,118957,317.5,43.7,16.34,12.7,34.0,2019,7,Liberia
VSL-0167,9101060,Supramax,53332,196.0,32.8,12.14,13.3,27.6,2014,12,India
VSL-0168,9799957,Capesize,203622,336.0,45.6,17.88,12.8,31.5,2017,9,Singapore
VSL-0169,9433629,Capesize,171937,272.9,43.3,16.69,13.0,38.7,2018,8,Malta
VSL-0170,9683392,Panamax,81468,233.3,33.1,12.51,12.8,34.8,2006,20,Hong Kong
VSL-0171,9558119,Panamax,85262,226.5,34.0,12.99,13.7,33.5,2019,7,Hong Kong
VSL-0172,9259716,Handysize,25676,151.8,29.3,8.55,13.3,11.3,2018,8,Malta
VSL-0173,9380864,Supramax,59719,197.9,34.2,13.6,13.7,27.5,2025,1,Marshall Islands
VSL-0174,9421581,Panamax,90451,235.8,35.1,13.82,12.9,34.0,2021,5,Singapore
VSL-0175,9881326,Capesize,189037,278.3,46.8,16.2,13.5,35.8,2015,11,Malta
VSL-0176,9214822,Handysize,24787,160.8,27.9,10.86,13.5,10.9,2008,18,India
VSL-0177,9654878,Capesize,152597,326.6,44.1,17.46,14.0,40.3,2020,6,Singapore
VSL-0178,9641852,Handysize,32404,189.7,27.8,8.7,12.5,10.0,2010,16,Singapore
VSL-0179,9196132,Handysize,29130,166.9,24.0,10.76,12.6,11.5,2014,12,Liberia
VSL-0180,9676592,Capesize,131517,324.7,43.7,16.94,12.9,30.7,2015,11,Hong Kong
VSL-0181,9715002,Supramax,50561,189.4,33.9,13.46,12.5,25.9,2017,9,Hong Kong
VSL-0182,9481500,Handysize,28619,187.8,29.8,10.03,13.7,10.5,2019,7,Panama
VSL-0183,9227775,Supramax,41595,193.6,34.2,11.95,13.0,26.3,2008,18,Panama
VSL-0184,9385750,Handysize,38571,175.5,24.6,10.99,13.6,8.7,2021,5,Singapore
VSL-0185,9567564,Panamax,86537,230.1,35.1,12.2,13.4,30.4,2006,20,Singapore
VSL-0186,9300589,Supramax,46190,184.5,33.1,11.71,13.7,25.4,2024,2,Singapore
VSL-0187,9330063,Panamax,98762,231.4,32.9,13.0,13.5,34.1,2008,18,Liberia
VSL-0188,9195871,Panamax,98634,227.0,34.9,13.46,12.7,34.3,2019,7,Marshall Islands
VSL-0189,9923552,Panamax,71930,225.9,32.6,13.43,12.4,34.3,2007,19,Liberia
VSL-0190,9419880,Capesize,215076,332.4,44.9,17.94,12.0,41.3,2020,6,Malta
VSL-0191,9248004,Supramax,44490,189.8,34.6,13.17,13.7,29.6,2006,20,Malta
VSL-0192,9397206,Supramax,51857,185.7,33.6,11.28,12.9,28.0,2016,10,Liberia
VSL-0193,9785545,Panamax,99277,231.9,34.6,13.91,13.5,31.6,2018,8,Marshall Islands
VSL-0194,9790737,Handysize,18614,187.2,28.2,9.92,13.9,8.3,2022,4,Liberia
VSL-0195,9182204,Handysize,34858,155.2,25.1,8.78,12.1,12.6,2015,11,Singapore
VSL-0196,9519745,Supramax,57607,188.3,33.0,13.54,12.0,27.6,2025,1,Singapore
VSL-0197,9375047,Handysize,17415,166.7,29.8,8.97,12.7,11.8,2007,19,India
VSL-0198,9318154,Supramax,62091,187.4,34.1,11.14,13.8,25.7,2022,4,Malta
VSL-0199,9691734,Supramax,57630,194.6,33.0,13.63,12.0,28.9,2017,9,Hong Kong
VSL-0200,9431833,Handysize,37741,178.9,28.1,8.34,12.9,10.1,2024,2,Hong Kong
VSL-0201,9122139,Supramax,57725,194.9,34.7,11.88,12.1,28.3,2017,9,Hong Kong
VSL-0202,9510352,Capesize,120185,300.6,44.6,17.66,13.3,34.6,2025,1,Liberia
VSL-0203,9376620,Capesize,203965,301.3,48.3,16.77,12.5,42.7,2005,21,Liberia
VSL-0204,9797128,Panamax,78396,237.2,35.5,13.52,13.6,33.6,2015,11,Liberia
VSL-0205,9508900,Capesize,172543,277.6,48.2,16.9,12.7,40.9,2005,21,Singapore
VSL-0206,9232603,Handysize,21471,177.8,29.5,8.86,12.1,12.3,2013,13,India
VSL-0207,9798906,Supramax,56657,189.5,33.4,13.79,12.4,27.6,2021,5,Liberia
VSL-0208,9553331,Handysize,27695,189.0,28.5,8.64,12.4,12.8,2009,17,Marshall Islands
VSL-0209,9919201,Supramax,42777,183.3,34.4,11.86,12.6,26.3,2019,7,Marshall Islands
VSL-0210,9229262,Supramax,64950,181.8,34.9,13.04,13.1,27.9,2006,20,Hong Kong
VSL-0211,9391998,Capesize,103919,273.9,44.9,17.03,12.4,37.8,2008,18,Malta
VSL-0212,9227304,Capesize,128638,300.1,49.0,16.2,13.6,38.9,2019,7,India
VSL-0213,9795468,Capesize,129899,321.1,48.8,16.6,13.8,44.2,2020,6,Marshall Islands
VSL-0214,9155526,Supramax,59878,185.5,33.0,11.31,12.2,25.5,2012,14,Liberia
VSL-0215,9204599,Capesize,199058,338.2,48.1,17.05,13.6,33.5,2019,7,India
VSL-0216,9246813,Panamax,76393,234.3,32.8,13.85,13.2,34.6,2020,6,Marshall Islands
VSL-0217,9397248,Capesize,166276,334.6,46.1,17.12,13.8,30.2,2006,20,Malta
VSL-0218,9318976,Capesize,127639,280.8,46.3,17.12,13.1,39.5,2021,5,Marshall Islands
VSL-0219,9245206,Panamax,73712,230.2,35.1,12.26,12.2,33.5,2020,6,India
VSL-0220,9783128,Panamax,98267,231.4,33.0,12.07,13.8,32.0,2005,21,Malta
VSL-0221,9415071,Capesize,200713,308.7,44.0,17.24,13.9,44.3,2013,13,Marshall Islands
VSL-0222,9407718,Capesize,174298,297.4,49.3,17.24,12.4,43.3,2005,21,Liberia
VSL-0223,9167783,Capesize,113330,337.2,49.8,17.19,13.5,44.8,2015,11,India
VSL-0224,9204998,Handysize,15214,186.1,25.2,9.93,12.3,9.8,2005,21,India
VSL-0225,9196731,Handysize,39244,178.0,28.3,8.72,13.4,9.8,2020,6,Liberia
VSL-0226,9850298,Supramax,51367,198.7,34.7,13.49,12.1,26.7,2021,5,India
VSL-0227,9785978,Capesize,120514,329.0,45.6,16.34,13.3,31.6,2025,1,Marshall Islands
VSL-0228,9606546,Panamax,66696,237.0,35.1,13.56,12.4,32.6,2007,19,Marshall Islands
VSL-0229,9180425,Handysize,34107,186.9,23.0,8.31,13.2,9.6,2024,2,Malta
VSL-0230,9870164,Panamax,97934,227.4,32.7,12.59,13.2,33.3,2019,7,Liberia
VSL-0231,9970953,Supramax,54392,187.8,32.6,12.81,12.2,27.5,2012,14,Marshall Islands
VSL-0232,9372911,Handysize,26432,174.1,23.7,9.97,13.3,11.1,2006,20,Malta
VSL-0233,9692163,Supramax,44579,180.9,32.5,13.85,12.2,28.2,2010,16,India
VSL-0234,9657491,Handysize,15236,168.1,25.5,10.26,13.6,12.7,2019,7,Marshall Islands
VSL-0235,9298357,Panamax,85386,232.9,33.8,13.08,13.2,32.6,2008,18,Hong Kong
VSL-0236,9601284,Supramax,54024,181.8,32.3,11.44,12.1,25.5,2020,6,India
VSL-0237,9618484,Supramax,53975,191.7,33.2,11.84,12.6,26.2,2016,10,Liberia
VSL-0238,9333602,Handysize,21435,169.9,25.8,9.91,13.4,12.1,2012,14,Panama
VSL-0239,9738010,Supramax,56335,180.9,33.3,11.1,12.4,28.7,2021,5,Hong Kong
VSL-0240,9342773,Panamax,98539,239.4,34.3,12.16,12.4,30.5,2025,1,Panama
VSL-0241,9819400,Capesize,147751,308.6,44.2,17.77,13.1,38.3,2017,9,Hong Kong
VSL-0242,9467232,Capesize,193595,298.2,43.9,16.25,12.8,38.2,2016,10,Hong Kong
VSL-0243,9268558,Handysize,18074,182.5,26.1,8.18,13.4,9.4,2021,5,Malta
VSL-0244,9423755,Panamax,76774,231.5,35.4,13.24,13.9,33.7,2017,9,Malta
VSL-0245,9469075,Handysize,15745,153.9,23.6,8.16,13.7,11.2,2018,8,Hong Kong
VSL-0246,9130738,Supramax,45413,190.7,33.9,13.44,13.2,26.8,2020,6,Liberia
VSL-0247,9287384,Supramax,42393,182.2,32.3,12.92,13.0,26.6,2016,10,Singapore
VSL-0248,9986256,Handysize,23690,172.5,28.1,10.39,13.6,10.3,2017,9,Singapore
VSL-0249,9918502,Supramax,50198,192.1,32.8,13.76,13.9,26.2,2021,5,Liberia
VSL-0250,9509812,Handysize,38518,168.7,28.8,10.43,12.1,10.1,2007,19,Panama
VSL-0251,9373365,Supramax,63518,190.2,32.2,13.63,12.2,29.0,2015,11,Singapore
VSL-0252,9303569,Handysize,30906,155.7,26.9,8.05,13.5,12.3,2017,9,Liberia
VSL-0253,9209576,Panamax,79909,225.3,35.1,12.11,13.5,33.5,2022,4,Marshall Islands
VSL-0254,9244731,Panamax,92892,239.7,35.9,12.97,12.7,32.5,2011,15,Panama
VSL-0255,9221878,Capesize,216557,324.7,47.2,17.86,13.3,40.4,2013,13,India
VSL-0256,9247540,Handysize,39462,176.2,23.4,8.97,12.2,11.5,2019,7,Panama
VSL-0257,9791390,Handysize,20852,185.4,24.0,10.55,13.7,8.4,2017,9,Hong Kong
VSL-0258,9994550,Panamax,89089,230.4,33.0,12.68,14.0,30.8,2007,19,Panama
VSL-0259,9427436,Panamax,68621,235.2,34.7,12.15,13.3,31.9,2013,13,India
VSL-0260,9169962,Supramax,64876,187.9,33.0,13.21,12.1,29.5,2008,18,Hong Kong
VSL-0261,9967304,Panamax,86508,230.9,32.5,12.15,13.2,31.4,2008,18,Hong Kong
VSL-0262,9481343,Panamax,70749,231.2,35.3,14.27,13.8,34.4,2025,1,India
VSL-0263,9539796,Capesize,151450,309.5,43.5,17.95,12.8,33.0,2010,16,Liberia
VSL-0264,9590912,Handysize,33231,160.5,26.3,10.75,13.2,11.8,2015,11,Panama
VSL-0265,9613030,Panamax,96588,239.3,32.4,12.34,12.0,32.1,2021,5,Hong Kong
VSL-0266,9504804,Panamax,98633,226.2,35.2,12.88,12.5,31.5,2017,9,Panama
VSL-0267,9199704,Supramax,53647,184.5,32.3,11.45,13.1,25.3,2011,15,Panama
VSL-0268,9910435,Supramax,58581,183.4,33.9,12.86,12.4,25.0,2013,13,Liberia
VSL-0269,9345834,Supramax,51675,194.0,35.0,12.24,13.3,25.6,2019,7,Hong Kong
VSL-0270,9858104,Handysize,28287,154.4,24.5,10.29,12.4,8.8,2014,12,Panama
VSL-0271,9840001,Handysize,28831,168.3,28.9,8.69,13.8,11.8,2023,3,Singapore
VSL-0272,9516609,Handysize,26918,179.6,26.9,8.54,12.3,11.9,2015,11,India
VSL-0273,9731982,Capesize,209698,315.0,49.1,16.09,13.9,33.3,2010,16,Malta
VSL-0274,9117154,Supramax,49048,181.1,33.3,12.51,13.0,26.8,2017,9,Liberia
VSL-0275,9408675,Panamax,91226,228.9,34.5,13.65,12.0,32.2,2024,2,Marshall Islands
VSL-0276,9814397,Supramax,53953,186.3,34.2,11.21,13.3,27.7,2007,19,Malta
VSL-0277,9838277,Supramax,42872,185.3,34.1,13.18,12.2,25.5,2023,3,Liberia
VSL-0278,9785882,Supramax,45789,199.6,32.3,12.17,13.7,26.6,2023,3,Malta
VSL-0279,9681428,Panamax,83278,235.4,33.4,14.06,12.2,30.3,2012,14,Panama
VSL-0280,9221149,Supramax,56964,187.4,32.8,11.14,12.1,27.6,2013,13,Liberia
VSL-0281,9407463,Handysize,27597,184.7,27.2,10.31,13.6,11.2,2023,3,Liberia
VSL-0282,9736105,Capesize,128154,272.0,49.1,16.91,12.7,33.1,2019,7,Marshall Islands
VSL-0283,9940367,Supramax,40949,181.6,32.7,13.34,12.2,26.5,2014,12,Malta
VSL-0284,9994928,Supramax,41486,199.1,34.3,13.58,13.2,26.1,2024,2,Liberia
VSL-0285,9304531,Handysize,34477,184.0,28.5,8.57,13.7,9.9,2024,2,India
VSL-0286,9500330,Supramax,41523,180.7,33.3,11.77,12.6,29.4,2011,15,Liberia
VSL-0287,9655517,Supramax,61343,181.6,32.2,11.41,13.4,26.1,2016,10,Malta
VSL-0288,9883921,Handysize,16083,189.3,23.3,10.31,13.5,10.0,2016,10,Marshall Islands
VSL-0289,9932096,Supramax,56876,188.5,32.5,12.57,13.9,28.6,2022,4,Malta
VSL-0290,9758509,Panamax,77069,238.3,36.0,12.14,12.5,32.6,2010,16,Marshall Islands
VSL-0291,9112054,Handysize,30370,176.1,28.0,9.29,12.1,10.5,2022,4,Marshall Islands
VSL-0292,9944916,Supramax,46230,198.7,33.2,13.74,13.8,28.0,2007,19,Panama
VSL-0293,9189351,Panamax,84448,236.8,32.4,12.07,13.7,31.8,2020,6,Singapore
VSL-0294,9140826,Supramax,48213,197.9,34.6,11.28,12.9,28.1,2013,13,India
VSL-0295,9293875,Supramax,63055,191.4,34.7,11.21,13.5,25.6,2008,18,Hong Kong
VSL-0296,9816920,Handysize,30025,185.8,29.7,10.41,12.5,12.0,2024,2,Panama
VSL-0297,9734858,Capesize,108706,327.5,45.1,16.57,12.6,44.9,2021,5,Marshall Islands
VSL-0298,9238470,Supramax,60446,195.4,34.5,13.66,12.5,29.8,2011,15,Marshall Islands
VSL-0299,9481000,Supramax,51516,185.7,34.9,13.09,13.5,27.5,2012,14,India
VSL-0300,9483053,Supramax,49955,189.8,33.9,13.03,13.8,25.7,2024,2,Liberia
VSL-0301,9747088,Supramax,57483,193.1,34.3,11.15,12.1,28.8,2012,14,Hong Kong
VSL-0302,9659351,Capesize,207314,336.8,44.9,17.65,12.4,31.2,2010,16,Malta
VSL-0303,9831015,Supramax,63776,182.0,33.1,12.08,13.8,27.0,2006,20,Malta
VSL-0304,9952358,Handysize,20824,151.0,23.9,9.63,12.0,10.4,2008,18,Singapore
VSL-0305,9579701,Panamax,70647,233.0,32.6,14.44,13.6,33.1,2021,5,Hong Kong
VSL-0306,9770579,Supramax,41646,200.0,32.6,11.94,12.5,29.8,2014,12,Panama
VSL-0307,9125216,Panamax,89460,237.3,33.7,12.84,13.2,35.0,2011,15,Liberia
VSL-0308,9733367,Handysize,18389,167.3,27.3,9.06,13.0,9.8,2010,16,Panama
VSL-0309,9666304,Supramax,60148,191.9,33.4,11.01,13.0,29.6,2009,17,Hong Kong
VSL-0310,9449753,Supramax,48787,191.5,34.4,11.03,13.3,28.5,2025,1,Hong Kong
VSL-0311,9582286,Supramax,45809,186.9,34.0,12.78,12.8,26.9,2012,14,Singapore
VSL-0312,9320224,Supramax,52271,197.6,34.6,12.92,12.6,29.4,2015,11,Malta
VSL-0313,9786513,Panamax,94652,226.1,34.6,13.95,13.4,34.2,2005,21,Malta
VSL-0314,9810283,Capesize,160830,308.3,48.4,16.31,12.1,33.6,2025,1,Marshall Islands
VSL-0315,9248086,Panamax,81853,229.1,33.5,12.37,13.5,31.7,2014,12,Hong Kong
VSL-0316,9973247,Supramax,59248,187.5,33.8,13.24,12.6,25.6,2012,14,India
VSL-0317,9824510,Handysize,36962,173.3,26.1,8.11,12.3,10.9,2011,15,Marshall Islands
VSL-0318,9900862,Handysize,25118,151.4,25.0,9.97,12.4,9.8,2017,9,Singapore
VSL-0319,9905580,Supramax,45819,181.9,33.0,11.21,12.9,25.6,2025,1,Malta
VSL-0320,9104251,Panamax,86907,225.0,35.2,13.25,13.1,33.6,2016,10,Panama
VSL-0321,9584662,Supramax,54053,183.1,34.9,12.12,12.9,27.4,2014,12,Liberia
VSL-0322,9447500,Supramax,60027,191.1,33.0,12.4,12.3,27.2,2007,19,Malta
VSL-0323,9508303,Handysize,30072,171.6,24.3,8.41,13.9,10.1,2018,8,Singapore
VSL-0324,9422481,Panamax,82921,232.7,32.8,13.67,13.4,34.1,2010,16,Hong Kong
VSL-0325,9874638,Supramax,46867,198.4,34.9,13.93,12.1,28.6,2018,8,Singapore
VSL-0326,9720432,Capesize,112153,273.3,43.9,16.79,12.2,38.1,2023,3,Hong Kong
VSL-0327,9298731,Supramax,53404,182.7,32.0,12.81,13.9,28.9,2022,4,Singapore
VSL-0328,9478165,Panamax,86479,231.8,35.8,14.39,13.4,34.5,2007,19,Liberia
VSL-0329,9655050,Panamax,72693,232.5,35.9,13.65,13.0,32.5,2011,15,Liberia
VSL-0330,9426571,Capesize,186082,310.8,48.4,16.94,12.6,38.4,2013,13,Hong Kong
VSL-0331,9420176,Supramax,45925,184.5,34.5,11.12,13.1,26.0,2005,21,Singapore
VSL-0332,9718881,Handysize,39782,181.2,28.5,9.64,12.0,8.8,2006,20,Liberia
VSL-0333,9572202,Capesize,101222,303.4,44.4,16.04,13.2,40.7,2023,3,Hong Kong
VSL-0334,9278840,Supramax,45462,182.4,34.6,12.61,13.9,29.7,2017,9,Marshall Islands
VSL-0335,9234195,Supramax,56059,190.3,32.2,11.93,13.5,26.3,2015,11,Liberia
VSL-0336,9145052,Panamax,70202,230.6,32.7,13.36,13.4,31.3,2020,6,Liberia
VSL-0337,9941143,Handysize,31954,185.7,28.3,8.75,12.0,9.7,2014,12,Singapore
VSL-0338,9409899,Supramax,61852,183.8,33.9,12.76,12.6,27.9,2017,9,Hong Kong
VSL-0339,9635612,Capesize,199125,280.4,47.1,16.8,13.3,37.7,2011,15,Panama
VSL-0340,9710487,Supramax,63066,181.5,33.1,12.22,12.1,29.4,2005,21,India
VSL-0341,9672877,Panamax,65558,236.8,34.8,13.72,12.8,31.9,2015,11,Marshall Islands
VSL-0342,9236284,Capesize,134705,305.8,45.0,17.93,12.9,33.7,2009,17,Marshall Islands
VSL-0343,9965325,Supramax,49513,194.2,32.9,12.67,13.1,25.6,2009,17,Liberia
VSL-0344,9619034,Panamax,92663,236.5,32.9,14.25,12.8,33.1,2025,1,India
VSL-0345,9184590,Panamax,74177,228.4,32.4,12.99,14.0,33.3,2021,5,Marshall Islands
VSL-0346,9146742,Handysize,28286,152.3,29.4,8.16,12.7,8.8,2010,16,Marshall Islands
VSL-0347,9595280,Panamax,97371,234.5,34.6,14.06,12.9,31.7,2023,3,Liberia
VSL-0348,9475699,Handysize,23154,182.6,27.0,10.16,12.1,9.3,2009,17,Marshall Islands
VSL-0349,9760016,Panamax,82081,239.7,32.5,12.94,13.9,31.7,2006,20,Liberia
VSL-0350,9243020,Panamax,71508,228.0,34.1,12.8,13.2,33.6,2008,18,Marshall Islands
VSL-0351,9501862,Handysize,27991,155.0,29.9,10.18,13.0,9.8,2019,7,India
VSL-0352,9494378,Handysize,17909,185.9,24.7,10.71,13.9,11.5,2019,7,Malta
VSL-0353,9857921,Supramax,62650,180.3,33.5,13.84,13.3,27.5,2022,4,Marshall Islands
VSL-0354,9471710,Capesize,204013,333.8,46.8,16.22,12.8,33.4,2025,1,Liberia
VSL-0355,9771482,Capesize,146371,278.8,43.1,16.49,13.8,30.7,2021,5,Singapore
VSL-0356,9881740,Capesize,168851,299.5,43.2,17.94,13.0,31.6,2018,8,Marshall Islands
VSL-0357,9448673,Handysize,37966,177.0,28.0,9.24,13.0,11.3,2022,4,Panama
VSL-0358,9308453,Capesize,181889,317.6,46.9,17.07,12.8,39.0,2014,12,Liberia
VSL-0359,9249815,Capesize,207512,285.4,44.9,17.85,13.5,34.5,2016,10,Marshall Islands
VSL-0360,9205821,Panamax,85543,226.5,35.7,12.4,13.2,33.8,2008,18,Marshall Islands
VSL-0361,9828565,Handysize,22670,182.7,23.9,8.14,13.7,10.2,2018,8,Singapore
VSL-0362,9157291,Handysize,28975,155.9,28.7,9.76,12.6,9.1,2007,19,Singapore
VSL-0363,9500522,Panamax,98160,229.9,32.7,13.36,12.3,32.3,2019,7,Marshall Islands
VSL-0364,9816803,Panamax,87121,236.8,35.2,13.7,12.8,30.9,2014,12,Liberia
VSL-0365,9974732,Supramax,53719,180.5,34.7,11.29,12.7,26.2,2021,5,Panama
VSL-0366,9672852,Panamax,76826,234.4,34.5,12.35,13.5,30.1,2016,10,Liberia
VSL-0367,9968054,Capesize,212701,321.7,44.1,16.7,13.6,40.3,2005,21,India
VSL-0368,9535158,Supramax,62549,188.3,34.9,12.82,13.7,26.1,2017,9,Panama
VSL-0369,9760501,Handysize,27291,157.8,23.7,8.21,12.6,8.2,2007,19,Marshall Islands
VSL-0370,9427235,Handysize,22876,155.8,27.6,9.44,12.8,8.2,2009,17,Liberia
VSL-0371,9248242,Handysize,33002,189.2,28.4,8.27,12.4,11.1,2025,1,Malta
VSL-0372,9989161,Handysize,22206,154.4,29.3,8.23,13.3,8.7,2006,20,Hong Kong
VSL-0373,9734319,Handysize,32853,177.9,25.3,8.63,13.0,8.2,2014,12,Hong Kong
VSL-0374,9848443,Handysize,17527,176.5,27.4,10.41,12.2,8.8,2010,16,India
VSL-0375,9418139,Capesize,159679,279.4,43.1,17.45,12.4,40.2,2020,6,Singapore
VSL-0376,9691124,Supramax,53176,199.3,32.7,12.54,12.1,29.8,2011,15,Marshall Islands
VSL-0377,9558009,Capesize,179538,319.3,49.5,17.74,12.5,37.2,2020,6,Singapore
VSL-0378,9780010,Capesize,172019,280.9,44.7,17.93,12.8,31.1,2020,6,Malta
VSL-0379,9953427,Supramax,60245,185.3,34.2,11.23,12.3,27.8,2008,18,Malta
VSL-0380,9681588,Handysize,38628,158.8,28.6,9.0,12.9,12.3,2007,19,Hong Kong
VSL-0381,9520004,Handysize,20905,176.3,23.1,9.77,12.4,11.4,2019,7,Singapore
VSL-0382,9575856,Panamax,73642,228.2,33.5,13.7,13.1,33.2,2007,19,Malta
VSL-0383,9614404,Supramax,44771,182.6,34.1,12.5,13.1,29.3,2025,1,India
VSL-0384,9306574,Panamax,78333,231.4,35.3,14.42,12.5,30.9,2007,19,Liberia
VSL-0385,9284233,Capesize,159441,283.9,47.4,17.73,13.4,38.0,2019,7,Panama
VSL-0386,9578728,Panamax,89112,237.6,33.8,12.01,12.4,30.9,2016,10,Malta
VSL-0387,9337323,Supramax,45308,185.9,33.6,13.75,12.8,27.8,2023,3,Malta
VSL-0388,9676107,Handysize,25931,184.1,25.5,9.87,13.1,9.2,2010,16,Singapore
VSL-0389,9124559,Supramax,45901,191.3,34.8,12.86,12.0,29.9,2021,5,Marshall Islands
VSL-0390,9786370,Handysize,30897,158.7,25.4,10.2,12.6,10.7,2015,11,Singapore
VSL-0391,9724511,Capesize,154152,278.6,46.6,17.97,12.2,30.1,2015,11,Panama
VSL-0392,9645226,Panamax,73629,235.4,34.6,12.58,12.7,34.1,2014,12,Singapore
VSL-0393,9626856,Handysize,36828,156.4,25.6,8.75,13.9,11.8,2018,8,Malta
VSL-0394,9298112,Handysize,32981,153.0,27.7,8.98,12.6,8.7,2023,3,Hong Kong
VSL-0395,9690945,Supramax,49560,187.9,32.9,12.21,12.3,25.1,2008,18,Marshall Islands
VSL-0396,9708560,Panamax,86502,239.5,32.8,12.58,12.9,32.4,2013,13,Panama
VSL-0397,9635277,Supramax,52470,180.7,33.1,12.38,12.8,28.9,2010,16,Singapore
VSL-0398,9531315,Panamax,96208,234.3,35.9,12.46,12.5,33.2,2011,15,Marshall Islands
VSL-0399,9146826,Panamax,88219,234.0,35.1,13.74,12.7,34.4,2018,8,Marshall Islands
VSL-0400,9576531,Supramax,43179,196.5,33.8,11.92,13.5,28.9,2010,16,Liberia
VSL-0401,9626912,Panamax,70992,234.6,34.9,12.72,13.6,34.4,2025,1,Malta
VSL-0402,9963015,Supramax,50394,188.2,34.4,12.86,12.3,28.1,2023,3,Liberia
VSL-0403,9201325,Capesize,138749,276.7,44.5,16.97,12.9,40.4,2010,16,Hong Kong
VSL-0404,9969085,Panamax,66862,229.8,35.3,12.51,12.6,30.8,2005,21,Singapore
VSL-0405,9351960,Panamax,80221,233.3,32.2,12.69,12.8,31.7,2024,2,Hong Kong
VSL-0406,9109073,Panamax,65578,233.3,35.3,13.18,12.9,32.9,2025,1,Singapore
VSL-0407,9936337,Handysize,34196,167.4,28.8,10.79,13.1,12.6,2020,6,India
VSL-0408,9548591,Panamax,70111,228.0,32.5,14.33,13.4,33.4,2024,2,Singapore
VSL-0409,9944558,Panamax,98119,229.6,32.9,12.2,12.4,33.7,2006,20,India
VSL-0410,9460325,Supramax,52224,195.7,32.2,11.89,13.7,26.4,2025,1,Hong Kong
VSL-0411,9826518,Handysize,16131,155.0,23.9,9.27,13.9,9.8,2020,6,Panama
VSL-0412,9816399,Handysize,20314,176.5,26.0,8.71,12.1,11.8,2015,11,India
VSL-0413,9351220,Handysize,37087,177.3,24.4,9.81,12.5,11.3,2018,8,Singapore
VSL-0414,9727281,Panamax,76690,239.4,35.5,13.11,12.9,30.2,2020,6,Marshall Islands
VSL-0415,9373812,Handysize,38878,189.5,23.6,10.08,13.7,11.1,2022,4,Liberia
VSL-0416,9339838,Panamax,79731,225.4,33.2,13.02,12.9,33.9,2023,3,Marshall Islands
VSL-0417,9299968,Panamax,71410,239.0,34.1,13.06,13.3,32.0,2012,14,Panama
VSL-0418,9275178,Handysize,30446,187.4,23.1,10.13,12.5,9.5,2025,1,Hong Kong
VSL-0419,9113630,Panamax,80858,228.1,33.7,13.62,12.3,32.4,2018,8,Singapore
VSL-0420,9348724,Panamax,81521,237.0,35.1,13.48,13.6,31.6,2023,3,Marshall Islands
VSL-0421,9338351,Capesize,123814,316.7,49.0,16.92,13.8,32.0,2009,17,India
VSL-0422,9555925,Supramax,53801,182.2,34.9,12.77,12.6,25.1,2007,19,Panama
VSL-0423,9247496,Supramax,42122,185.2,33.9,12.43,12.2,27.3,2022,4,Marshall Islands
VSL-0424,9211695,Panamax,86037,234.7,34.4,13.41,13.5,31.8,2016,10,India
VSL-0425,9224951,Supramax,62885,188.2,33.5,11.32,12.6,27.7,2023,3,India
VSL-0426,9508542,Handysize,18817,152.7,25.0,8.73,13.1,8.5,2005,21,Marshall Islands
VSL-0427,9970306,Capesize,213069,316.7,48.4,17.86,12.9,42.5,2023,3,Singapore
VSL-0428,9240030,Handysize,18050,180.8,28.0,8.37,13.2,8.5,2025,1,India
VSL-0429,9734597,Panamax,78978,235.6,33.6,12.92,13.2,30.6,2010,16,Marshall Islands
VSL-0430,9249032,Supramax,58331,198.7,33.8,12.54,13.6,29.4,2018,8,Marshall Islands
VSL-0431,9260826,Supramax,55479,199.7,34.6,13.67,12.3,28.6,2014,12,Panama
VSL-0432,9744072,Handysize,25032,183.2,23.6,10.14,12.7,10.5,2005,21,Marshall Islands
VSL-0433,9908791,Capesize,159747,332.3,43.8,17.04,13.6,35.6,2014,12,Hong Kong
VSL-0434,9591848,Handysize,32999,168.0,27.2,10.31,13.7,10.0,2009,17,India
VSL-0435,9896675,Handysize,38157,180.6,23.5,10.98,12.9,9.3,2021,5,Panama
VSL-0436,9179054,Capesize,181970,336.0,50.0,17.09,13.7,44.4,2022,4,Singapore
VSL-0437,9411866,Supramax,62513,187.5,32.1,11.46,12.8,28.3,2014,12,Malta
VSL-0438,9503945,Supramax,52296,180.2,32.0,11.93,13.7,25.2,2005,21,Singapore
VSL-0439,9789714,Panamax,97221,227.0,32.5,12.85,12.9,32.1,2017,9,India
VSL-0440,9135204,Panamax,88806,225.7,33.6,14.04,13.5,31.6,2007,19,Panama
VSL-0441,9431834,Panamax,74445,231.9,34.4,12.72,12.4,34.6,2024,2,Panama
VSL-0442,9825749,Capesize,147309,309.0,47.1,16.31,12.4,37.4,2018,8,Malta
VSL-0443,9234540,Capesize,134201,319.4,46.3,17.25,14.0,44.8,2013,13,Hong Kong
VSL-0444,9608062,Supramax,62917,195.9,33.2,13.03,12.9,29.6,2014,12,Singapore
VSL-0445,9954531,Supramax,43712,198.1,34.8,12.04,13.2,29.1,2018,8,Hong Kong
VSL-0446,9389863,Handysize,16100,189.6,27.6,8.98,12.4,9.4,2019,7,Hong Kong
VSL-0447,9368991,Capesize,169201,291.9,48.4,17.7,12.7,43.4,2009,17,Hong Kong
VSL-0448,9250091,Supramax,59854,190.3,34.8,11.22,13.7,25.4,2006,20,Singapore
VSL-0449,9213799,Supramax,43021,195.5,34.7,11.27,12.4,28.8,2005,21,Singapore
VSL-0450,9208881,Handysize,17845,172.3,28.4,8.56,13.1,9.3,2006,20,Marshall Islands
VSL-0451,9445123,Supramax,56018,193.8,34.4,12.17,12.2,27.9,2010,16,Malta
VSL-0452,9160260,Supramax,49448,188.0,32.8,11.66,13.3,29.1,2018,8,Hong Kong
VSL-0453,9529304,Supramax,43685,196.1,33.5,13.57,13.9,28.6,2005,21,India
VSL-0454,9458196,Supramax,61102,180.6,34.6,11.25,13.3,26.0,2012,14,Marshall Islands
VSL-0455,9804752,Supramax,54207,198.5,32.4,12.82,13.1,28.9,2013,13,Malta
VSL-0456,9537749,Supramax,44028,195.5,33.4,13.79,13.0,28.1,2018,8,India
VSL-0457,9124123,Supramax,48184,187.7,34.5,12.18,13.2,26.7,2012,14,Malta
VSL-0458,9536143,Handysize,37000,162.7,26.7,10.62,12.4,9.2,2023,3,Malta
VSL-0459,9815251,Capesize,144808,330.6,47.0,17.53,12.8,42.4,2005,21,Singapore
VSL-0460,9859961,Supramax,41401,198.0,33.6,13.24,13.2,28.3,2015,11,Liberia
VSL-0461,9492102,Supramax,53495,186.1,33.0,13.64,12.8,29.7,2011,15,Liberia
VSL-0462,9581690,Capesize,146158,279.1,43.5,16.49,13.6,33.4,2018,8,Malta
VSL-0463,9920449,Handysize,23315,159.2,24.1,8.68,13.1,12.3,2011,15,Marshall Islands
VSL-0464,9768593,Supramax,49670,192.0,34.3,11.06,13.3,26.9,2009,17,Liberia
VSL-0465,9987650,Supramax,50937,181.0,33.5,13.95,13.1,29.0,2006,20,Hong Kong
VSL-0466,9532202,Capesize,207596,308.2,43.8,16.24,12.8,43.5,2018,8,India
VSL-0467,9450359,Supramax,54097,195.3,32.0,11.91,12.2,28.6,2009,17,Malta
VSL-0468,9435751,Capesize,118279,302.6,49.6,16.07,12.1,40.4,2023,3,Singapore
VSL-0469,9779641,Capesize,113823,276.8,43.2,16.46,13.0,33.0,2022,4,India
VSL-0470,9522423,Panamax,89469,234.6,35.8,13.41,13.4,34.9,2020,6,Marshall Islands
VSL-0471,9433628,Panamax,67731,237.3,34.2,13.02,13.3,32.2,2005,21,India
VSL-0472,9111134,Panamax,90675,227.0,33.4,13.7,12.6,31.9,2019,7,Hong Kong
VSL-0473,9820772,Handysize,31778,178.7,27.6,8.4,13.2,8.8,2005,21,Malta
VSL-0474,9810079,Supramax,47649,180.3,33.5,12.18,12.7,27.6,2010,16,Panama
VSL-0475,9815891,Panamax,90615,226.6,34.1,13.11,13.3,31.9,2006,20,Singapore
VSL-0476,9240850,Capesize,126476,333.8,48.2,16.5,12.7,41.7,2020,6,Marshall Islands
VSL-0477,9952032,Capesize,201349,308.2,47.7,17.52,12.3,31.3,2017,9,Liberia
VSL-0478,9580441,Panamax,76636,225.2,34.1,13.79,12.6,33.3,2024,2,India
VSL-0479,9816594,Panamax,71022,237.5,34.2,13.11,12.9,31.4,2015,11,Panama
VSL-0480,9869891,Handysize,30679,164.7,29.3,8.64,12.4,8.2,2010,16,Malta
VSL-0481,9353113,Handysize,29296,163.1,29.7,9.05,13.2,11.9,2009,17,Singapore
VSL-0482,9643623,Supramax,64738,193.3,33.0,12.49,12.2,29.3,2014,12,Hong Kong
VSL-0483,9771188,Supramax,59410,190.7,33.5,12.39,13.6,26.0,2013,13,Hong Kong
VSL-0484,9621438,Handysize,21089,150.3,25.6,10.6,12.4,12.1,2019,7,India
VSL-0485,9463089,Supramax,64130,195.0,33.7,12.34,13.5,28.4,2010,16,Singapore
VSL-0486,9235822,Supramax,47790,196.6,32.5,12.57,12.7,28.0,2007,19,Malta
VSL-0487,9973994,Handysize,33660,184.5,27.2,9.73,12.1,9.5,2011,15,Panama
VSL-0488,9563794,Panamax,93852,235.3,35.2,12.72,12.2,31.3,2016,10,Panama
VSL-0489,9291981,Handysize,39120,152.0,29.2,8.75,12.9,9.3,2015,11,Liberia
VSL-0490,9732871,Supramax,54814,189.9,34.8,12.13,12.3,29.9,2019,7,Marshall Islands
VSL-0491,9809773,Handysize,28833,150.4,27.2,8.71,12.3,9.5,2007,19,Singapore
VSL-0492,9569779,Handysize,17504,169.4,25.5,10.26,12.6,8.2,2016,10,Marshall Islands
VSL-0493,9421883,Handysize,28633,161.6,29.1,9.78,13.5,8.4,2020,6,Hong Kong
VSL-0494,9297603,Handysize,16733,187.1,26.8,10.77,12.1,8.8,2020,6,Singapore
VSL-0495,9599787,Handysize,22944,155.0,26.7,8.46,12.2,10.2,2015,11,Hong Kong
VSL-0496,9357890,Panamax,79906,229.6,32.3,12.82,12.1,34.2,2021,5,Panama
VSL-0497,9966108,Panamax,88601,238.7,32.9,12.54,13.2,33.1,2025,1,Malta
VSL-0498,9307055,Handysize,33214,180.8,24.2,9.74,12.5,8.2,2022,4,India
VSL-0499,9412366,Supramax,42309,182.7,33.1,13.69,13.5,25.8,2022,4,India
VSL-0500,9726381,Panamax,76370,230.4,32.2,14.01,12.2,34.2,2016,10,Panama
