date,singapore_vlsfo_usd_per_mt
2019-07-01,430.0
2019-08-01,471.22
2019-09-01,557.99
2019-10-01,603.55
2019-11-01,594.79
2019-12-01,656.91
2020-01-01,742.0
2020-02-01,526.85
2020-03-01,397.85
2020-04-01,206.5
2020-05-01,212.26
2020-06-01,247.74
2020-07-01,235.02
2020-08-01,320.82
2020-09-01,322.94
2020-10-01,375.03
2020-11-01,397.17
2020-12-01,433.88
2021-01-01,500.5
2021-02-01,533.21
2021-03-01,565.34
2021-04-01,553.68
2021-05-01,577.69
2021-06-01,632.78
2021-07-01,599.58
2021-08-01,600.86
2021-09-01,701.84
2021-10-01,684.88
2021-11-01,661.85
2021-12-01,735.74
2022-01-01,782.46
2022-02-01,780.31
2022-03-01,795.18
2022-04-01,907.86
2022-05-01,970.0
2022-06-01,1017.07
2022-07-01,930.17
2022-08-01,882.29
2022-09-01,923.37
2022-10-01,921.93
2022-11-01,848.29
2022-12-01,873.41
2023-01-01,880.14
2023-02-01,798.62
2023-03-01,754.78
2023-04-01,791.46
2023-05-01,769.99
2023-06-01,792.54
2023-07-01,672.33
2023-08-01,682.6
2023-09-01,660.57
2023-10-01,612.69
2023-11-01,670.0
2023-12-01,671.74
2024-01-01,636.5
2024-02-01,600.23
2024-03-01,672.73
2024-04-01,641.09
2024-05-01,624.91
2024-06-01,607.72
2024-07-01,619.59
2024-08-01,532.43
2024-09-01,589.84
2024-10-01,581.32
2024-11-01,497.06
2024-12-01,556.52
2025-01-01,529.28
2025-02-01,555.06
2025-03-01,509.22
2025-04-01,514.8
2025-05-01,518.81
2025-06-01,475.35
2025-07-01,512.17
2025-08-01,484.0
2025-09-01,494.52
2025-10-01,470.0
2025-11-01,467.12
2025-12-01,540.99
2026-01-01,553.66
2026-02-01,556.45
2026-03-01,612.26
2026-04-01,669.7
2026-05-01,727.09
2026-06-01,699.5
2026-07-01,669.02
2026-08-01,820.5
