fiscal_year,calendar_year,month,month_name,national_traffic_all_12_ports_million_tonnes
2022-23,2022,4,April,65.06
2022-23,2022,5,May,64.65
2022-23,2022,6,June,59.68
2022-23,2022,7,July,58.24
2022-23,2022,8,August,60.83
2022-23,2022,9,September,62.3
2022-23,2022,10,October,67.49
2022-23,2022,11,November,68.93
2022-23,2022,12,December,71.51
2022-23,2023,1,January,71.99
2022-23,2023,2,February,67.21
2022-23,2023,3,March,64.83
2023-24,2023,4,April,67.63
2023-24,2023,5,May,73.69
2023-24,2023,6,June,63.19
2023-24,2023,7,July,56.96
2023-24,2023,8,August,61.29
2023-24,2023,9,September,62.59
2023-24,2023,10,October,70.33
2023-24,2023,11,November,72.65
2023-24,2023,12,December,71.48
2023-24,2024,1,January,72.87
2023-24,2024,2,February,69.5
2023-24,2024,3,March,69.07
2024-25,2024,4,April,73.56
2024-25,2024,5,May,75.2
2024-25,2024,6,June,62.31
2024-25,2024,7,July,62.21
2024-25,2024,8,August,62.23
2024-25,2024,9,September,67.32
2024-25,2024,10,October,71.91
2024-25,2024,11,November,76.99
2024-25,2024,12,December,76.14
2024-25,2025,1,January,74.12
2024-25,2025,2,February,70.38
2024-25,2025,3,March,72.5
